-- Generated by Craft v2.6.2974 on 10.10.2017 06:27:34.

--
-- Disable foreign key checks and autocommit.
--

SET FOREIGN_KEY_CHECKS = 0;
SET SQL_MODE = "NO_AUTO_VALUE_ON_ZERO";
SET AUTOCOMMIT = 0;
SET NAMES utf8;


DROP TABLE IF EXISTS `craft_assetfiles`;


--
-- Schema for table `craft_assetfiles`
--
CREATE TABLE `craft_assetfiles` (
  `id` int(11) NOT NULL,
  `sourceId` int(11) DEFAULT NULL,
  `folderId` int(11) NOT NULL,
  `filename` varchar(255) COLLATE utf8_unicode_ci NOT NULL,
  `kind` varchar(50) COLLATE utf8_unicode_ci NOT NULL DEFAULT 'unknown',
  `width` int(11) unsigned DEFAULT NULL,
  `height` int(11) unsigned DEFAULT NULL,
  `size` bigint(20) unsigned DEFAULT NULL,
  `dateModified` datetime DEFAULT NULL,
  `dateCreated` datetime NOT NULL,
  `dateUpdated` datetime NOT NULL,
  `uid` char(36) COLLATE utf8_unicode_ci NOT NULL DEFAULT '0',
  PRIMARY KEY (`id`),
  UNIQUE KEY `craft_assetfiles_filename_folderId_unq_idx` (`filename`,`folderId`),
  KEY `craft_assetfiles_sourceId_fk` (`sourceId`),
  KEY `craft_assetfiles_folderId_fk` (`folderId`)
) ENGINE=InnoDB DEFAULT CHARSET=utf8 COLLATE=utf8_unicode_ci;

--
-- Data for table `craft_assetfiles`
--

INSERT INTO `craft_assetfiles` (`id`, `sourceId`, `folderId`, `filename`, `kind`, `width`, `height`, `size`, `dateModified`, `dateCreated`, `dateUpdated`, `uid`) VALUES
 ('7', '1', '5', 'vonAnna_postkarte1175.jpg', 'image', '500', '375', '57994', '2017-04-26 12:34:24', '2017-04-26 12:34:28', '2017-04-26 12:35:35', 'eb225fdf-a0cc-4508-8e46-32fcb97fd31a'),
 ('8', '1', '1', 'thumb.jpg', 'image', '744', '700', '14534', '2017-04-26 12:43:34', '2017-04-26 12:43:35', '2017-04-26 12:43:35', 'd4ee5357-6b91-43da-9998-381cce3ca076'),
 ('9', '1', '1', 'Screen-Shot-2017-02-27-at-10.12.31.png', 'image', '1293', '707', '66088', '2017-04-26 12:43:47', '2017-04-26 12:43:47', '2017-04-26 12:43:47', 'c42b197b-d850-4400-b5d3-4c30f9f1a770'),
 ('10', NULL, '4', 'medium_DerFallMeusault_MK_Pressebild_JudithBuss_MG2_8349.jpg', 'image', '267', '400', '30995', '2017-05-08 14:37:13', '2017-05-08 14:37:13', '2017-05-08 14:37:13', '09321727-465b-4084-9f28-ead941d13417'),
 ('12', '1', '1', 'Screen-Shot-2017-05-06-at-10.11.16.png', 'image', '1920', '1200', '469213', '2017-05-08 14:42:37', '2017-05-08 14:42:37', '2017-05-08 14:42:37', 'ec31e3c6-9688-4024-b209-53a107205c60'),
 ('13', '1', '1', 'mpv-shot0004.jpg', 'image', '1920', '1080', '349229', '2017-05-08 14:49:16', '2017-05-08 14:49:16', '2017-05-08 14:49:16', 'f81a2de5-4c5e-4fa8-b69c-3f14c01aa6b4'),
 ('14', '1', '1', 'Screen-Shot-2016-12-25-at-13.41.12.png', 'image', '1070', '1289', '155955', '2017-05-08 14:57:38', '2017-05-08 14:57:38', '2017-05-08 14:57:38', 'e065aa9d-0280-44c1-9dce-07ecf3e3f084'),
 ('15', '1', '1', 'Screen-Shot-2017-02-17-at-22.26.15.png', 'image', '1286', '1289', '720658', '2017-05-08 14:57:49', '2017-05-08 14:57:49', '2017-05-08 14:57:49', 'fe8cd1d4-9dbf-4799-ab00-3d3e639ee2ef'),
 ('17', '1', '1', 'Screen-Shot-2017-02-17-at-22.32.46.png', 'image', '1286', '1289', '636962', '2017-05-09 09:58:09', '2017-05-09 09:58:09', '2017-05-09 09:58:09', '85777634-f512-49bd-b8a4-2214fe1b83cd'),
 ('18', '1', '1', 'mpv-shot0003.jpg', 'image', '1920', '1080', '666645', '2017-05-09 10:41:52', '2017-05-09 10:41:52', '2017-05-09 10:41:52', '486da8eb-d962-45f2-b9ab-22725c708c1f'),
 ('19', '1', '1', 'mpv-shot0001.jpg', 'image', '1920', '1080', '734897', '2017-05-09 10:43:05', '2017-05-09 10:43:05', '2017-05-09 10:43:05', '36ef8218-3c88-4287-9ab0-fdeff9c1aaf6'),
 ('25', '1', '1', 'mpv-shot0002.jpg', 'image', '1280', '720', '91971', '2017-10-09 12:18:27', '2017-10-09 12:18:27', '2017-10-09 12:18:27', '5b453603-89ee-4073-bffe-9557be7bf0f8'),
 ('27', '1', '1', 'Screen-Shot-2017-07-24-at-19.27.54.png', 'image', '380', '299', '198742', '2017-10-09 13:53:12', '2017-10-09 13:53:12', '2017-10-09 13:53:12', '521070b6-7008-4bb7-857f-a68cccb3f7eb');



DROP TABLE IF EXISTS `craft_assetfolders`;


--
-- Schema for table `craft_assetfolders`
--
CREATE TABLE `craft_assetfolders` (
  `id` int(11) NOT NULL AUTO_INCREMENT,
  `parentId` int(11) DEFAULT NULL,
  `sourceId` int(11) DEFAULT NULL,
  `name` varchar(255) COLLATE utf8_unicode_ci NOT NULL,
  `path` varchar(255) COLLATE utf8_unicode_ci DEFAULT NULL,
  `dateCreated` datetime NOT NULL,
  `dateUpdated` datetime NOT NULL,
  `uid` char(36) COLLATE utf8_unicode_ci NOT NULL DEFAULT '0',
  PRIMARY KEY (`id`),
  UNIQUE KEY `craft_assetfolders_name_parentId_sourceId_unq_idx` (`name`,`parentId`,`sourceId`),
  KEY `craft_assetfolders_parentId_fk` (`parentId`),
  KEY `craft_assetfolders_sourceId_fk` (`sourceId`)
) ENGINE=InnoDB AUTO_INCREMENT=7 DEFAULT CHARSET=utf8 COLLATE=utf8_unicode_ci;

--
-- Data for table `craft_assetfolders`
--

INSERT INTO `craft_assetfolders` (`id`, `parentId`, `sourceId`, `name`, `path`, `dateCreated`, `dateUpdated`, `uid`) VALUES
 ('1', NULL, '1', 'Bild', '', '2017-04-26 12:23:36', '2017-04-26 12:23:36', '97ad7482-9deb-4b1e-aaf7-f970d4d6a174'),
 ('2', NULL, NULL, 'Temporary source', NULL, '2017-04-26 12:25:12', '2017-04-26 12:25:12', 'ace3de35-4329-462d-88d1-b995ae6c715d'),
 ('3', '2', NULL, 'user_1', 'user_1/', '2017-04-26 12:25:12', '2017-04-26 12:25:12', '179737f9-0943-4578-b2a4-f0807d4ba15d'),
 ('4', '3', NULL, 'field_3', 'user_1/field_3/', '2017-04-26 12:25:12', '2017-04-26 12:25:12', '2f7735bd-aa93-41a7-a9d6-3467c73277bb'),
 ('5', '1', '1', 'uploads', 'uploads/', '2017-04-26 12:35:35', '2017-04-26 12:35:35', '587e77f5-c62d-4c48-bc38-08cb141128a9'),
 ('6', '5', '1', 'images', 'uploads/images/', '2017-05-08 14:40:46', '2017-05-08 14:40:46', '7ac0f219-7797-4cfa-8e60-2e3c190e5783');



DROP TABLE IF EXISTS `craft_assetindexdata`;


--
-- Schema for table `craft_assetindexdata`
--
CREATE TABLE `craft_assetindexdata` (
  `id` int(11) NOT NULL AUTO_INCREMENT,
  `sessionId` varchar(36) COLLATE utf8_unicode_ci NOT NULL DEFAULT '',
  `sourceId` int(10) NOT NULL,
  `offset` int(10) NOT NULL,
  `uri` varchar(255) COLLATE utf8_unicode_ci DEFAULT NULL,
  `size` varchar(255) COLLATE utf8_unicode_ci DEFAULT NULL,
  `recordId` int(10) DEFAULT NULL,
  `dateCreated` datetime NOT NULL,
  `dateUpdated` datetime NOT NULL,
  `uid` char(36) COLLATE utf8_unicode_ci NOT NULL DEFAULT '0',
  PRIMARY KEY (`id`),
  UNIQUE KEY `craft_assetindexdata_sessionId_sourceId_offset_unq_idx` (`sessionId`,`sourceId`,`offset`),
  KEY `craft_assetindexdata_sourceId_fk` (`sourceId`)
) ENGINE=InnoDB DEFAULT CHARSET=utf8 COLLATE=utf8_unicode_ci;

DROP TABLE IF EXISTS `craft_assetsources`;


--
-- Schema for table `craft_assetsources`
--
CREATE TABLE `craft_assetsources` (
  `id` int(11) NOT NULL AUTO_INCREMENT,
  `name` varchar(255) COLLATE utf8_unicode_ci NOT NULL,
  `handle` varchar(255) COLLATE utf8_unicode_ci NOT NULL,
  `type` varchar(150) COLLATE utf8_unicode_ci NOT NULL,
  `settings` text COLLATE utf8_unicode_ci,
  `sortOrder` smallint(6) unsigned DEFAULT NULL,
  `fieldLayoutId` int(10) DEFAULT NULL,
  `dateCreated` datetime NOT NULL,
  `dateUpdated` datetime NOT NULL,
  `uid` char(36) COLLATE utf8_unicode_ci NOT NULL DEFAULT '0',
  PRIMARY KEY (`id`),
  UNIQUE KEY `craft_assetsources_name_unq_idx` (`name`),
  UNIQUE KEY `craft_assetsources_handle_unq_idx` (`handle`),
  KEY `craft_assetsources_fieldLayoutId_fk` (`fieldLayoutId`)
) ENGINE=InnoDB AUTO_INCREMENT=2 DEFAULT CHARSET=utf8 COLLATE=utf8_unicode_ci;

--
-- Data for table `craft_assetsources`
--

INSERT INTO `craft_assetsources` (`id`, `name`, `handle`, `type`, `settings`, `sortOrder`, `fieldLayoutId`, `dateCreated`, `dateUpdated`, `uid`) VALUES
 ('1', 'Bild', 'bild', 'Local', '{\"path\":\"uploads\\/images\\/\",\"publicURLs\":\"1\",\"url\":\"http:\\/\\/annastanger.dev\\/uploads\\/images\\/\"}', '1', '36', '2017-04-26 12:23:36', '2017-10-09 12:23:00', 'fb88596b-0d72-4b79-9877-9b6d12062bbb');



DROP TABLE IF EXISTS `craft_assettransformindex`;


--
-- Schema for table `craft_assettransformindex`
--
CREATE TABLE `craft_assettransformindex` (
  `id` int(11) NOT NULL AUTO_INCREMENT,
  `fileId` int(11) NOT NULL,
  `filename` varchar(255) COLLATE utf8_unicode_ci DEFAULT NULL,
  `format` varchar(255) COLLATE utf8_unicode_ci DEFAULT NULL,
  `location` varchar(255) COLLATE utf8_unicode_ci NOT NULL,
  `sourceId` int(11) DEFAULT NULL,
  `fileExists` tinyint(1) DEFAULT NULL,
  `inProgress` tinyint(1) DEFAULT NULL,
  `dateIndexed` datetime DEFAULT NULL,
  `dateCreated` datetime NOT NULL,
  `dateUpdated` datetime NOT NULL,
  `uid` char(36) COLLATE utf8_unicode_ci NOT NULL DEFAULT '0',
  PRIMARY KEY (`id`),
  KEY `craft_assettransformindex_sourceId_fileId_location_idx` (`sourceId`,`fileId`,`location`)
) ENGINE=InnoDB AUTO_INCREMENT=22 DEFAULT CHARSET=utf8 COLLATE=utf8_unicode_ci;

DROP TABLE IF EXISTS `craft_assettransforms`;


--
-- Schema for table `craft_assettransforms`
--
CREATE TABLE `craft_assettransforms` (
  `id` int(11) NOT NULL AUTO_INCREMENT,
  `name` varchar(255) COLLATE utf8_unicode_ci NOT NULL,
  `handle` varchar(255) COLLATE utf8_unicode_ci NOT NULL,
  `mode` enum('stretch','fit','crop') COLLATE utf8_unicode_ci NOT NULL DEFAULT 'crop',
  `position` enum('top-left','top-center','top-right','center-left','center-center','center-right','bottom-left','bottom-center','bottom-right') COLLATE utf8_unicode_ci NOT NULL DEFAULT 'center-center',
  `height` int(10) DEFAULT NULL,
  `width` int(10) DEFAULT NULL,
  `format` varchar(255) COLLATE utf8_unicode_ci DEFAULT NULL,
  `quality` int(10) DEFAULT NULL,
  `dimensionChangeTime` datetime DEFAULT NULL,
  `dateCreated` datetime NOT NULL,
  `dateUpdated` datetime NOT NULL,
  `uid` char(36) COLLATE utf8_unicode_ci NOT NULL DEFAULT '0',
  PRIMARY KEY (`id`),
  UNIQUE KEY `craft_assettransforms_name_unq_idx` (`name`),
  UNIQUE KEY `craft_assettransforms_handle_unq_idx` (`handle`)
) ENGINE=InnoDB AUTO_INCREMENT=3 DEFAULT CHARSET=utf8 COLLATE=utf8_unicode_ci;

--
-- Data for table `craft_assettransforms`
--

INSERT INTO `craft_assettransforms` (`id`, `name`, `handle`, `mode`, `position`, `height`, `width`, `format`, `quality`, `dimensionChangeTime`, `dateCreated`, `dateUpdated`, `uid`) VALUES
 ('1', 'Thumb', 'thumb', 'crop', 'center-center', '300', '300', 'jpg', '30', '2017-05-08 14:53:24', '2017-04-26 12:25:02', '2017-10-08 18:13:38', '4f3c00fc-c576-46b5-95a6-9621f8f9c5c7'),
 ('2', 'Tablet', 'tablet', 'fit', 'center-center', NULL, '1024', 'jpg', NULL, '2017-10-09 11:33:03', '2017-10-09 11:33:03', '2017-10-09 11:33:28', 'a0b88c7e-54f7-4e35-92c5-a791a7a80d7a');



DROP TABLE IF EXISTS `craft_categories`;


--
-- Schema for table `craft_categories`
--
CREATE TABLE `craft_categories` (
  `id` int(11) NOT NULL,
  `groupId` int(11) NOT NULL,
  `dateCreated` datetime NOT NULL,
  `dateUpdated` datetime NOT NULL,
  `uid` char(36) COLLATE utf8_unicode_ci NOT NULL DEFAULT '0',
  PRIMARY KEY (`id`),
  KEY `craft_categories_groupId_fk` (`groupId`)
) ENGINE=InnoDB DEFAULT CHARSET=utf8 COLLATE=utf8_unicode_ci;

DROP TABLE IF EXISTS `craft_categorygroups`;


--
-- Schema for table `craft_categorygroups`
--
CREATE TABLE `craft_categorygroups` (
  `id` int(11) NOT NULL AUTO_INCREMENT,
  `structureId` int(11) NOT NULL,
  `fieldLayoutId` int(11) DEFAULT NULL,
  `name` varchar(255) COLLATE utf8_unicode_ci NOT NULL,
  `handle` varchar(255) COLLATE utf8_unicode_ci NOT NULL,
  `hasUrls` tinyint(1) unsigned NOT NULL DEFAULT '1',
  `template` varchar(500) COLLATE utf8_unicode_ci DEFAULT NULL,
  `dateCreated` datetime NOT NULL,
  `dateUpdated` datetime NOT NULL,
  `uid` char(36) COLLATE utf8_unicode_ci NOT NULL DEFAULT '0',
  PRIMARY KEY (`id`),
  UNIQUE KEY `craft_categorygroups_name_unq_idx` (`name`),
  UNIQUE KEY `craft_categorygroups_handle_unq_idx` (`handle`),
  KEY `craft_categorygroups_structureId_fk` (`structureId`),
  KEY `craft_categorygroups_fieldLayoutId_fk` (`fieldLayoutId`)
) ENGINE=InnoDB DEFAULT CHARSET=utf8 COLLATE=utf8_unicode_ci;

DROP TABLE IF EXISTS `craft_categorygroups_i18n`;


--
-- Schema for table `craft_categorygroups_i18n`
--
CREATE TABLE `craft_categorygroups_i18n` (
  `id` int(11) NOT NULL AUTO_INCREMENT,
  `groupId` int(11) NOT NULL,
  `locale` char(12) COLLATE utf8_unicode_ci NOT NULL,
  `urlFormat` text COLLATE utf8_unicode_ci,
  `nestedUrlFormat` text COLLATE utf8_unicode_ci,
  `dateCreated` datetime NOT NULL,
  `dateUpdated` datetime NOT NULL,
  `uid` char(36) COLLATE utf8_unicode_ci NOT NULL DEFAULT '0',
  PRIMARY KEY (`id`),
  UNIQUE KEY `craft_categorygroups_i18n_groupId_locale_unq_idx` (`groupId`,`locale`),
  KEY `craft_categorygroups_i18n_locale_fk` (`locale`)
) ENGINE=InnoDB DEFAULT CHARSET=utf8 COLLATE=utf8_unicode_ci;

DROP TABLE IF EXISTS `craft_content`;


--
-- Schema for table `craft_content`
--
CREATE TABLE `craft_content` (
  `id` int(11) NOT NULL AUTO_INCREMENT,
  `elementId` int(11) NOT NULL,
  `locale` char(12) COLLATE utf8_unicode_ci NOT NULL,
  `title` varchar(255) COLLATE utf8_unicode_ci DEFAULT NULL,
  `field_body` text COLLATE utf8_unicode_ci,
  `dateCreated` datetime NOT NULL,
  `dateUpdated` datetime NOT NULL,
  `uid` char(36) COLLATE utf8_unicode_ci NOT NULL DEFAULT '0',
  PRIMARY KEY (`id`),
  UNIQUE KEY `craft_content_elementId_locale_unq_idx` (`elementId`,`locale`),
  KEY `craft_content_title_idx` (`title`),
  KEY `craft_content_locale_fk` (`locale`)
) ENGINE=InnoDB AUTO_INCREMENT=26 DEFAULT CHARSET=utf8 COLLATE=utf8_unicode_ci;

--
-- Data for table `craft_content`
--

INSERT INTO `craft_content` (`id`, `elementId`, `locale`, `title`, `field_body`, `dateCreated`, `dateUpdated`, `uid`) VALUES
 ('1', '1', 'de', NULL, NULL, '2017-04-26 12:15:47', '2017-04-26 12:15:47', 'fdd9c980-cf35-4ffe-a70f-cc115a355710'),
 ('2', '2', 'de', 'Welcome to Annastanger.dev!', '<p>It’s true, this site doesn’t have a whole lot of content yet, but don’t worry. Our web developers have just installed the CMS, and they’re setting things up for the content editors this very moment. Soon Annastanger.dev will be an oasis of fresh perspectives, sharp analyses, and astute opinions that will keep you coming back again and again.</p>', '2017-04-26 12:15:48', '2017-04-26 12:36:07', '3041d72b-ee3a-4571-91de-511ade6f9f5f'),
 ('7', '7', 'de', 'Anna Stanger', '', '2017-04-26 12:34:28', '2017-04-26 12:35:35', 'f6e770bb-bfa5-49cb-b547-798b61df16e7'),
 ('8', '8', 'de', 'Thumb', NULL, '2017-04-26 12:43:35', '2017-04-26 12:43:35', '0f7d2bf7-b00c-4f11-a721-36c39c48f376'),
 ('9', '9', 'de', 'Screen Shot 2017 02 27 At 10 12 31', NULL, '2017-04-26 12:43:47', '2017-04-26 12:43:47', '3408eac5-9e45-495d-9ff6-ddebf2f89db5'),
 ('10', '10', 'de', 'Medium Der Fall Meusault Mk Pressebild Judith Buss Mg2 8349', NULL, '2017-05-08 14:37:13', '2017-05-08 14:40:39', '586e0f80-adfb-4a1b-aae2-9b69687eb60d'),
 ('12', '12', 'de', 'Screen Shot 2017 05 06 At 10 11 16', NULL, '2017-05-08 14:42:37', '2017-05-08 14:42:37', '35fb766b-e91e-4089-b46e-614a60ad57a4'),
 ('13', '13', 'de', 'Mpv Shot0004', NULL, '2017-05-08 14:49:16', '2017-05-08 14:49:16', '8e082f35-6213-4b5f-af1b-ebf1669a85ca'),
 ('14', '14', 'de', 'Screen Shot 2016 12 25 At 13 41 12', NULL, '2017-05-08 14:57:38', '2017-05-08 14:57:38', 'bf63ffed-a3a8-45c2-9399-1ace67251df7'),
 ('15', '15', 'de', 'Screen Shot 2017 02 17 At 22 26 15', NULL, '2017-05-08 14:57:49', '2017-05-08 14:57:49', 'a3684223-0aaf-4d35-b7d1-69292a13b485'),
 ('16', '16', 'de', 'Ein Erstes Bild', '<p>Lorem ipsum dolor sit amet, consetetur sadipscing elitr, sed diam nonumy eirmod tempor invidunt ut labore et dolore magna aliquyam erat, sed diam voluptua. At vero eos et accusam et justo duo dolores et ea rebum. Stet clita kasd gubergren, no sea takimata sanctus est Lorem ipsum dolor sit amet. Lorem ipsum dolor sit amet, consetetur sadipscing elitr, sed diam nonumy eirmod tempor invidunt ut labore et dolore magna aliquyam erat, sed diam voluptua. At vero eos et accusam et justo duo dolores et ea rebum. Stet clita kasd gubergren, no sea takimata sanctus est Lorem ipsum dolor sit amet.</p>', '2017-05-08 14:58:45', '2017-10-09 15:41:49', '8150c91e-964a-4211-8a86-3740cb56faed'),
 ('17', '17', 'de', 'Screen Shot 2017 02 17 At 22 32 46', NULL, '2017-05-09 09:58:09', '2017-05-09 09:58:09', 'fa97be8c-ff38-428b-b574-5ad251d9d487'),
 ('18', '18', 'de', 'Mpv Shot0003', NULL, '2017-05-09 10:41:52', '2017-10-09 12:23:58', '794c4976-2a84-40d5-952c-9c2a203c53ee'),
 ('19', '19', 'de', 'Mpv Shot0001', NULL, '2017-05-09 10:43:05', '2017-10-09 12:23:56', 'aad72eb8-3a38-4e32-9ff1-cc885c030648'),
 ('20', '22', 'de', 'Ein zweites Bild', '<p>Lorem ipsum</p>\n<p>Für Designer, Schriftsetzer, Layouter, Grafikenthusiasten und alle anderen.</p>\n<p>Ein Projekt startet und doch es gibt noch keinen Text, allerdings sollte das Layout schon bald präsentiert werden ... was tun?</p>\n<p>Damit das Projekt gleich starten kann benutze einfach etwas Lorem ipsum - Blind-, Füll-, Dummy-, Nachahmungs-, Platzhaltertext.</p>\n<p>Generiere einfach soviel Lorem Ipsum Text wie du brauchst, kopiere und füge ihn in dein Layout als vorübergehenden Platzhalter ein. Somit sieht das Projekt ein Stückchen vollständiger aus als zuvor. Viel Spaß dabei.</p>', '2017-10-08 18:12:42', '2017-10-09 15:41:49', 'fd124e1c-7091-48d9-9e14-3eb52479f3ee'),
 ('21', '23', 'de', 'About', '<p>About page</p>', '2017-10-09 05:31:47', '2017-10-09 10:51:48', '28707854-ec75-473f-8ff7-472b1ee85b57'),
 ('22', '24', 'de', 'Contact', '<p>Contact Page</p>', '2017-10-09 05:32:05', '2017-10-09 10:51:55', '22dd3b3f-efde-484d-b2ea-37a37839a61f'),
 ('23', '25', 'de', 'Mpv Shot0002', NULL, '2017-10-09 12:18:27', '2017-10-09 12:18:27', '6a12ef6a-1454-4117-b9bc-0f127d91200e'),
 ('24', '26', 'de', 'Drittes Bild', '', '2017-10-09 12:20:10', '2017-10-09 15:41:49', '8f821469-0f4a-4d98-b2c0-6dfc74755d81'),
 ('25', '27', 'de', 'Screen Shot 2017 07 24 At 19 27 54', NULL, '2017-10-09 13:53:12', '2017-10-09 13:53:12', '2349587e-762a-4cb8-b553-62e902d37156');



DROP TABLE IF EXISTS `craft_deprecationerrors`;


--
-- Schema for table `craft_deprecationerrors`
--
CREATE TABLE `craft_deprecationerrors` (
  `id` int(11) NOT NULL AUTO_INCREMENT,
  `key` varchar(255) COLLATE utf8_unicode_ci NOT NULL,
  `fingerprint` varchar(255) COLLATE utf8_unicode_ci NOT NULL,
  `lastOccurrence` datetime NOT NULL,
  `file` varchar(255) COLLATE utf8_unicode_ci NOT NULL,
  `line` smallint(6) unsigned NOT NULL,
  `class` varchar(255) COLLATE utf8_unicode_ci DEFAULT NULL,
  `method` varchar(255) COLLATE utf8_unicode_ci DEFAULT NULL,
  `template` varchar(255) COLLATE utf8_unicode_ci DEFAULT NULL,
  `templateLine` smallint(6) unsigned DEFAULT NULL,
  `message` varchar(255) COLLATE utf8_unicode_ci DEFAULT NULL,
  `traces` text COLLATE utf8_unicode_ci,
  `dateCreated` datetime NOT NULL,
  `dateUpdated` datetime NOT NULL,
  `uid` char(36) COLLATE utf8_unicode_ci NOT NULL DEFAULT '0',
  PRIMARY KEY (`id`),
  UNIQUE KEY `craft_deprecationerrors_key_fingerprint_unq_idx` (`key`,`fingerprint`)
) ENGINE=InnoDB DEFAULT CHARSET=utf8 COLLATE=utf8_unicode_ci;

DROP TABLE IF EXISTS `craft_elementindexsettings`;


--
-- Schema for table `craft_elementindexsettings`
--
CREATE TABLE `craft_elementindexsettings` (
  `id` int(11) NOT NULL AUTO_INCREMENT,
  `type` varchar(150) COLLATE utf8_unicode_ci NOT NULL,
  `settings` text COLLATE utf8_unicode_ci,
  `dateCreated` datetime NOT NULL,
  `dateUpdated` datetime NOT NULL,
  `uid` char(36) COLLATE utf8_unicode_ci NOT NULL DEFAULT '0',
  PRIMARY KEY (`id`),
  UNIQUE KEY `craft_elementindexsettings_type_unq_idx` (`type`)
) ENGINE=InnoDB AUTO_INCREMENT=3 DEFAULT CHARSET=utf8 COLLATE=utf8_unicode_ci;

--
-- Data for table `craft_elementindexsettings`
--

INSERT INTO `craft_elementindexsettings` (`id`, `type`, `settings`, `dateCreated`, `dateUpdated`, `uid`) VALUES
 ('1', 'Asset', '{\"sources\":{\"folder:1\":{\"tableAttributes\":{\"1\":\"filename\",\"2\":\"size\",\"3\":\"dateModified\"}}}}', '2017-05-08 14:34:06', '2017-05-08 14:34:06', '6b150b29-2729-40bc-b09e-980324ed69f4'),
 ('2', 'Entry', '{\"sources\":{\"section:4\":{\"tableAttributes\":{\"1\":\"postDate\",\"2\":\"expiryDate\",\"3\":\"link\",\"4\":\"section\"}}}}', '2017-10-09 15:42:23', '2017-10-09 15:42:23', '431d02af-5120-42d4-be2c-c89845138bf1');



DROP TABLE IF EXISTS `craft_elements`;


--
-- Schema for table `craft_elements`
--
CREATE TABLE `craft_elements` (
  `id` int(11) NOT NULL AUTO_INCREMENT,
  `type` varchar(150) COLLATE utf8_unicode_ci NOT NULL,
  `enabled` tinyint(1) unsigned NOT NULL DEFAULT '1',
  `archived` tinyint(1) unsigned NOT NULL DEFAULT '0',
  `dateCreated` datetime NOT NULL,
  `dateUpdated` datetime NOT NULL,
  `uid` char(36) COLLATE utf8_unicode_ci NOT NULL DEFAULT '0',
  PRIMARY KEY (`id`),
  KEY `craft_elements_type_idx` (`type`),
  KEY `craft_elements_enabled_idx` (`enabled`),
  KEY `craft_elements_archived_dateCreated_idx` (`archived`,`dateCreated`)
) ENGINE=InnoDB AUTO_INCREMENT=28 DEFAULT CHARSET=utf8 COLLATE=utf8_unicode_ci;

--
-- Data for table `craft_elements`
--

INSERT INTO `craft_elements` (`id`, `type`, `enabled`, `archived`, `dateCreated`, `dateUpdated`, `uid`) VALUES
 ('1', 'User', '1', '0', '2017-04-26 12:15:47', '2017-04-26 12:15:47', '0c7fd107-ac75-4edc-b9d2-ea5d030fe347'),
 ('2', 'Entry', '1', '0', '2017-04-26 12:15:48', '2017-04-26 12:36:07', 'b11b9180-81c9-41f5-89cb-bd47bd161f73'),
 ('7', 'Asset', '1', '0', '2017-04-26 12:34:28', '2017-04-26 12:35:35', 'a4a522b1-def5-479a-a4ed-c071be915537'),
 ('8', 'Asset', '1', '0', '2017-04-26 12:43:35', '2017-04-26 12:43:35', '3b43891b-45bc-4c0f-8f9c-b7dac030dfee'),
 ('9', 'Asset', '1', '0', '2017-04-26 12:43:47', '2017-04-26 12:43:47', 'f6eded5b-ea92-4a0e-8b39-d96423f72b17'),
 ('10', 'Asset', '1', '0', '2017-05-08 14:37:13', '2017-05-08 14:40:39', '969d16f5-545b-4180-abd3-2073fb07099e'),
 ('12', 'Asset', '1', '0', '2017-05-08 14:42:37', '2017-05-08 14:42:37', '30a3a148-389e-4c62-8f0e-ba1530d8d8c0'),
 ('13', 'Asset', '1', '0', '2017-05-08 14:49:16', '2017-05-08 14:49:16', '382796d6-1cb0-4c8e-88bb-a4067ff29e11'),
 ('14', 'Asset', '1', '0', '2017-05-08 14:57:38', '2017-05-08 14:57:38', 'd24210a0-aadc-4272-806b-9e7d2338b221'),
 ('15', 'Asset', '1', '0', '2017-05-08 14:57:49', '2017-05-08 14:57:49', '2518fd09-fddd-4a16-bba5-112003f2320c'),
 ('16', 'Entry', '1', '0', '2017-05-08 14:58:45', '2017-10-09 15:41:49', 'd1d72812-cb88-40d2-bace-d1be9a9fc717'),
 ('17', 'Asset', '1', '0', '2017-05-09 09:58:09', '2017-05-09 09:58:09', 'ae4d0af7-f78b-4516-be9b-5713524fdd89'),
 ('18', 'Asset', '1', '0', '2017-05-09 10:41:52', '2017-10-09 12:23:58', 'aa871e96-36b5-4282-9999-36874e251019'),
 ('19', 'Asset', '1', '0', '2017-05-09 10:43:05', '2017-10-09 12:23:56', '6b9f28bc-59cd-4b5d-a26f-469ecec7d696'),
 ('20', 'MatrixBlock', '1', '0', '2017-05-09 12:29:16', '2017-10-08 14:43:07', '682dcfcf-9bd1-4d41-a42d-d156c6abb08d'),
 ('21', 'MatrixBlock', '1', '0', '2017-05-09 12:29:16', '2017-10-08 14:43:07', '8f2f60bb-095a-4f8a-907d-acdde2b06024'),
 ('22', 'Entry', '1', '0', '2017-10-08 18:12:41', '2017-10-09 15:41:49', '1e6ee102-158f-40cf-b073-3a609c316afc'),
 ('23', 'Entry', '1', '0', '2017-10-09 05:31:47', '2017-10-09 10:51:48', '235b1b09-b8f9-405e-881d-7f9b0cef9d69'),
 ('24', 'Entry', '1', '0', '2017-10-09 05:32:05', '2017-10-09 10:51:55', 'ba241a79-610c-4625-a19b-3ecff89f4f14'),
 ('25', 'Asset', '1', '0', '2017-10-09 12:18:27', '2017-10-09 12:18:27', '0464a1c0-8aa4-4a88-bc57-c017d0b96233'),
 ('26', 'Entry', '1', '0', '2017-10-09 12:20:10', '2017-10-09 15:41:49', '22a2c30c-a0f5-40e8-8c20-3b0720750083'),
 ('27', 'Asset', '1', '0', '2017-10-09 13:53:12', '2017-10-09 13:53:12', '4f96223e-fc83-4b3d-a727-37a190f8a9cd');



DROP TABLE IF EXISTS `craft_elements_i18n`;


--
-- Schema for table `craft_elements_i18n`
--
CREATE TABLE `craft_elements_i18n` (
  `id` int(11) NOT NULL AUTO_INCREMENT,
  `elementId` int(11) NOT NULL,
  `locale` char(12) COLLATE utf8_unicode_ci NOT NULL,
  `slug` varchar(255) COLLATE utf8_unicode_ci DEFAULT NULL,
  `uri` varchar(255) COLLATE utf8_unicode_ci DEFAULT NULL,
  `enabled` tinyint(1) unsigned NOT NULL DEFAULT '1',
  `dateCreated` datetime NOT NULL,
  `dateUpdated` datetime NOT NULL,
  `uid` char(36) COLLATE utf8_unicode_ci NOT NULL DEFAULT '0',
  PRIMARY KEY (`id`),
  UNIQUE KEY `craft_elements_i18n_elementId_locale_unq_idx` (`elementId`,`locale`),
  UNIQUE KEY `craft_elements_i18n_uri_locale_unq_idx` (`uri`,`locale`),
  KEY `craft_elements_i18n_slug_locale_idx` (`slug`,`locale`),
  KEY `craft_elements_i18n_enabled_idx` (`enabled`),
  KEY `craft_elements_i18n_locale_fk` (`locale`)
) ENGINE=InnoDB AUTO_INCREMENT=26 DEFAULT CHARSET=utf8 COLLATE=utf8_unicode_ci;

--
-- Data for table `craft_elements_i18n`
--

INSERT INTO `craft_elements_i18n` (`id`, `elementId`, `locale`, `slug`, `uri`, `enabled`, `dateCreated`, `dateUpdated`, `uid`) VALUES
 ('1', '1', 'de', '', NULL, '1', '2017-04-26 12:15:47', '2017-04-26 12:15:47', '3fbbe652-aaac-4075-ba8c-6ed47dc806a8'),
 ('2', '2', 'de', 'homepage', '__home__', '1', '2017-04-26 12:15:48', '2017-04-26 12:36:07', '14131598-b6d3-45f1-b1aa-cc69c633249b'),
 ('5', '7', 'de', 'von-anna-postkarte1175', NULL, '1', '2017-04-26 12:34:28', '2017-04-26 12:35:35', 'b6440008-030b-4c83-a55d-2d8f6a5c1aa5'),
 ('6', '8', 'de', 'thumb', NULL, '1', '2017-04-26 12:43:35', '2017-04-26 12:43:35', '3abe32f0-b990-4819-8d49-6c97585e0379'),
 ('7', '9', 'de', 'screen-shot-2017-02-27-at-10-12-31', NULL, '1', '2017-04-26 12:43:47', '2017-04-26 12:43:47', '2ea33553-ec06-46bb-9a72-bedcaa033a9f'),
 ('8', '10', 'de', 'medium-der-fall-meusault-mk-pressebild-judith-buss-mg2-8349', NULL, '1', '2017-05-08 14:37:13', '2017-05-08 14:40:39', 'fa1bb529-2159-451d-bf1a-4e7cc07f9f48'),
 ('10', '12', 'de', 'screen-shot-2017-05-06-at-10-11-16', NULL, '1', '2017-05-08 14:42:37', '2017-05-08 14:42:37', 'acfc634a-3cca-41d6-a38d-7727aba4502a'),
 ('11', '13', 'de', 'mpv-shot0004', NULL, '1', '2017-05-08 14:49:16', '2017-05-08 14:49:16', '627bcf88-bebc-4bce-9dcd-604cc858ed08'),
 ('12', '14', 'de', 'screen-shot-2016-12-25-at-13-41-12', NULL, '1', '2017-05-08 14:57:38', '2017-05-08 14:57:38', 'eb5e5dfc-7ce4-4fb2-a63a-ca078a446ddd'),
 ('13', '15', 'de', 'screen-shot-2017-02-17-at-22-26-15', NULL, '1', '2017-05-08 14:57:49', '2017-05-08 14:57:49', '6faa8d0b-c7fc-4735-aeab-a3a9f605c7ae'),
 ('14', '16', 'de', 'ein-erstes-bild', 'work/ein-erstes-bild', '1', '2017-05-08 14:58:45', '2017-10-09 15:43:11', '6cc31f83-1a4c-469a-a1ff-daa576e21e99'),
 ('15', '17', 'de', 'screen-shot-2017-02-17-at-22-32-46', NULL, '1', '2017-05-09 09:58:09', '2017-05-09 09:58:09', '2a2dd13c-04d0-4276-899c-c6bf09cb6bdd'),
 ('16', '18', 'de', 'mpv-shot0003', NULL, '1', '2017-05-09 10:41:52', '2017-10-09 12:23:58', '2d5404e8-ea52-4895-abb2-767898b68a01'),
 ('17', '19', 'de', 'mpv-shot0001', NULL, '1', '2017-05-09 10:43:05', '2017-10-09 12:23:56', '40cca648-b326-48ab-9e67-3d5d0e80d7d1'),
 ('18', '20', 'de', '', NULL, '1', '2017-05-09 12:29:16', '2017-10-08 14:43:07', '3951bace-463f-4ea1-bda2-7e4a3aefd21a'),
 ('19', '21', 'de', '', NULL, '1', '2017-05-09 12:29:16', '2017-10-08 14:43:07', 'acfde57f-4ed3-4164-8e6d-efad8b2bdccc'),
 ('20', '22', 'de', 'ein-zweites-bild', 'work/ein-zweites-bild', '1', '2017-10-08 18:12:42', '2017-10-09 15:41:49', '09a39f65-6225-4130-9518-7e76ca0fffd4'),
 ('21', '23', 'de', 'about', 'about', '1', '2017-10-09 05:31:47', '2017-10-09 10:51:48', '33d9ad3e-b825-4337-a96c-daa5d4cdd3cc'),
 ('22', '24', 'de', 'contact', 'contact', '1', '2017-10-09 05:32:05', '2017-10-09 10:51:55', '1a86cac5-57fd-4f77-8bde-0a090cfa25bf'),
 ('23', '25', 'de', 'mpv-shot0002', NULL, '1', '2017-10-09 12:18:27', '2017-10-09 12:18:27', 'ae4f2d76-f7e0-4fb3-be69-2964df8dc75a'),
 ('24', '26', 'de', 'drittes-bild', 'work/drittes-bild', '1', '2017-10-09 12:20:11', '2017-10-09 15:42:42', 'be575432-a32e-44fb-a355-c9c71684c161'),
 ('25', '27', 'de', 'screen-shot-2017-07-24-at-19-27-54', NULL, '1', '2017-10-09 13:53:12', '2017-10-09 13:53:12', '67a5ce2f-b21f-4f4b-9b70-df0e157ed43f');



DROP TABLE IF EXISTS `craft_emailmessages`;


--
-- Schema for table `craft_emailmessages`
--
CREATE TABLE `craft_emailmessages` (
  `id` int(11) NOT NULL AUTO_INCREMENT,
  `key` char(150) COLLATE utf8_unicode_ci NOT NULL,
  `locale` char(12) COLLATE utf8_unicode_ci NOT NULL,
  `subject` varchar(1000) COLLATE utf8_unicode_ci NOT NULL,
  `body` text COLLATE utf8_unicode_ci NOT NULL,
  `dateCreated` datetime NOT NULL,
  `dateUpdated` datetime NOT NULL,
  `uid` char(36) COLLATE utf8_unicode_ci NOT NULL DEFAULT '0',
  PRIMARY KEY (`id`),
  UNIQUE KEY `craft_emailmessages_key_locale_unq_idx` (`key`,`locale`),
  KEY `craft_emailmessages_locale_fk` (`locale`)
) ENGINE=InnoDB DEFAULT CHARSET=utf8 COLLATE=utf8_unicode_ci;

DROP TABLE IF EXISTS `craft_entries`;


--
-- Schema for table `craft_entries`
--
CREATE TABLE `craft_entries` (
  `id` int(11) NOT NULL,
  `sectionId` int(11) NOT NULL,
  `typeId` int(11) DEFAULT NULL,
  `authorId` int(11) DEFAULT NULL,
  `postDate` datetime DEFAULT NULL,
  `expiryDate` datetime DEFAULT NULL,
  `dateCreated` datetime NOT NULL,
  `dateUpdated` datetime NOT NULL,
  `uid` char(36) COLLATE utf8_unicode_ci NOT NULL DEFAULT '0',
  PRIMARY KEY (`id`),
  KEY `craft_entries_sectionId_idx` (`sectionId`),
  KEY `craft_entries_typeId_idx` (`typeId`),
  KEY `craft_entries_postDate_idx` (`postDate`),
  KEY `craft_entries_expiryDate_idx` (`expiryDate`),
  KEY `craft_entries_authorId_fk` (`authorId`)
) ENGINE=InnoDB DEFAULT CHARSET=utf8 COLLATE=utf8_unicode_ci;

--
-- Data for table `craft_entries`
--

INSERT INTO `craft_entries` (`id`, `sectionId`, `typeId`, `authorId`, `postDate`, `expiryDate`, `dateCreated`, `dateUpdated`, `uid`) VALUES
 ('2', '1', NULL, NULL, '2017-04-26 12:15:48', NULL, '2017-04-26 12:15:48', '2017-04-26 12:36:07', '4e28d532-8615-46ba-bde4-774f056e0a53'),
 ('16', '4', '4', '1', '2017-05-08 01:00:00', NULL, '2017-05-08 14:58:45', '2017-10-09 13:53:17', '64c542a2-b239-4b76-ae2a-8cee9ddaa46b'),
 ('22', '4', '4', '1', '2017-10-08 18:12:00', NULL, '2017-10-08 18:12:42', '2017-10-09 13:52:03', 'bdb58afd-f9bb-40fc-9c13-3b24906502e5'),
 ('23', '5', '5', NULL, '2017-10-09 10:51:46', NULL, '2017-10-09 05:31:47', '2017-10-09 10:51:46', '52f208d1-cc0a-4d64-8b3a-98f677e7476f'),
 ('24', '6', '6', NULL, '2017-10-09 10:51:54', NULL, '2017-10-09 05:32:05', '2017-10-09 10:51:54', 'f88b7979-3e9f-48dd-af99-c1b5e427b6a8'),
 ('26', '4', '4', '1', '2017-10-09 12:20:10', NULL, '2017-10-09 12:20:11', '2017-10-09 12:20:11', '6da3872d-be65-4ade-8e05-cf6a774fd256');



DROP TABLE IF EXISTS `craft_entrydrafts`;


--
-- Schema for table `craft_entrydrafts`
--
CREATE TABLE `craft_entrydrafts` (
  `id` int(11) NOT NULL AUTO_INCREMENT,
  `entryId` int(11) NOT NULL,
  `sectionId` int(11) NOT NULL,
  `creatorId` int(11) NOT NULL,
  `locale` char(12) COLLATE utf8_unicode_ci NOT NULL,
  `name` varchar(255) COLLATE utf8_unicode_ci NOT NULL,
  `notes` tinytext COLLATE utf8_unicode_ci,
  `data` mediumtext COLLATE utf8_unicode_ci NOT NULL,
  `dateCreated` datetime NOT NULL,
  `dateUpdated` datetime NOT NULL,
  `uid` char(36) COLLATE utf8_unicode_ci NOT NULL DEFAULT '0',
  PRIMARY KEY (`id`),
  KEY `craft_entrydrafts_entryId_locale_idx` (`entryId`,`locale`),
  KEY `craft_entrydrafts_sectionId_fk` (`sectionId`),
  KEY `craft_entrydrafts_creatorId_fk` (`creatorId`),
  KEY `craft_entrydrafts_locale_fk` (`locale`)
) ENGINE=InnoDB DEFAULT CHARSET=utf8 COLLATE=utf8_unicode_ci;

DROP TABLE IF EXISTS `craft_entrytypes`;


--
-- Schema for table `craft_entrytypes`
--
CREATE TABLE `craft_entrytypes` (
  `id` int(11) NOT NULL AUTO_INCREMENT,
  `sectionId` int(11) NOT NULL,
  `fieldLayoutId` int(11) DEFAULT NULL,
  `name` varchar(255) COLLATE utf8_unicode_ci NOT NULL,
  `handle` varchar(255) COLLATE utf8_unicode_ci NOT NULL,
  `hasTitleField` tinyint(1) unsigned NOT NULL DEFAULT '1',
  `titleLabel` varchar(255) COLLATE utf8_unicode_ci DEFAULT 'Title',
  `titleFormat` varchar(255) COLLATE utf8_unicode_ci DEFAULT NULL,
  `sortOrder` smallint(6) unsigned DEFAULT NULL,
  `dateCreated` datetime NOT NULL,
  `dateUpdated` datetime NOT NULL,
  `uid` char(36) COLLATE utf8_unicode_ci NOT NULL DEFAULT '0',
  PRIMARY KEY (`id`),
  UNIQUE KEY `craft_entrytypes_name_sectionId_unq_idx` (`name`,`sectionId`),
  UNIQUE KEY `craft_entrytypes_handle_sectionId_unq_idx` (`handle`,`sectionId`),
  KEY `craft_entrytypes_sectionId_fk` (`sectionId`),
  KEY `craft_entrytypes_fieldLayoutId_fk` (`fieldLayoutId`)
) ENGINE=InnoDB AUTO_INCREMENT=7 DEFAULT CHARSET=utf8 COLLATE=utf8_unicode_ci;

--
-- Data for table `craft_entrytypes`
--

INSERT INTO `craft_entrytypes` (`id`, `sectionId`, `fieldLayoutId`, `name`, `handle`, `hasTitleField`, `titleLabel`, `titleFormat`, `sortOrder`, `dateCreated`, `dateUpdated`, `uid`) VALUES
 ('1', '1', '6', 'Homepage', 'homepage', '1', 'Title', NULL, '1', '2017-04-26 12:15:48', '2017-04-26 12:22:09', '24d10f41-a285-49c5-a1ea-f60ecd77e6d5'),
 ('4', '4', '34', 'Work', 'work', '1', 'Titel', NULL, '1', '2017-05-08 14:55:51', '2017-10-09 05:43:22', 'adeb1207-1c56-454c-bd68-af0fb7d6f257'),
 ('5', '5', '33', 'About', 'about', '1', 'Titel', NULL, '1', '2017-10-09 05:31:47', '2017-10-09 05:34:29', '55b5d761-3513-477b-acd1-66a3c0a123c9'),
 ('6', '6', '32', 'Contact', 'contact', '1', 'Titel', NULL, '1', '2017-10-09 05:32:05', '2017-10-09 05:34:10', '9e955c04-4548-4af1-9526-9e163587f150');



DROP TABLE IF EXISTS `craft_entryversions`;


--
-- Schema for table `craft_entryversions`
--
CREATE TABLE `craft_entryversions` (
  `id` int(11) NOT NULL AUTO_INCREMENT,
  `entryId` int(11) NOT NULL,
  `sectionId` int(11) NOT NULL,
  `creatorId` int(11) DEFAULT NULL,
  `locale` char(12) COLLATE utf8_unicode_ci NOT NULL,
  `num` smallint(6) unsigned NOT NULL,
  `notes` tinytext COLLATE utf8_unicode_ci,
  `data` mediumtext COLLATE utf8_unicode_ci NOT NULL,
  `dateCreated` datetime NOT NULL,
  `dateUpdated` datetime NOT NULL,
  `uid` char(36) COLLATE utf8_unicode_ci NOT NULL DEFAULT '0',
  PRIMARY KEY (`id`),
  KEY `craft_entryversions_entryId_locale_idx` (`entryId`,`locale`),
  KEY `craft_entryversions_sectionId_fk` (`sectionId`),
  KEY `craft_entryversions_creatorId_fk` (`creatorId`),
  KEY `craft_entryversions_locale_fk` (`locale`)
) ENGINE=InnoDB AUTO_INCREMENT=45 DEFAULT CHARSET=utf8 COLLATE=utf8_unicode_ci;

--
-- Data for table `craft_entryversions`
--

INSERT INTO `craft_entryversions` (`id`, `entryId`, `sectionId`, `creatorId`, `locale`, `num`, `notes`, `data`, `dateCreated`, `dateUpdated`, `uid`) VALUES
 ('1', '2', '1', '1', 'de', '1', NULL, '{\"typeId\":\"1\",\"authorId\":null,\"title\":\"Homepage\",\"slug\":\"homepage\",\"postDate\":1493208948,\"expiryDate\":null,\"enabled\":1,\"parentId\":null,\"fields\":[]}', '2017-04-26 12:15:48', '2017-04-26 12:15:48', '82cb5b47-6bd7-42d9-8570-6b8468fd3d8f'),
 ('2', '2', '1', '1', 'de', '2', NULL, '{\"typeId\":null,\"authorId\":null,\"title\":\"Welcome to Annastanger.dev!\",\"slug\":\"homepage\",\"postDate\":1493208948,\"expiryDate\":null,\"enabled\":\"1\",\"parentId\":null,\"fields\":{\"1\":\"<p>It\\u2019s true, this site doesn\\u2019t have a whole lot of content yet, but don\\u2019t worry. Our web developers have just installed the CMS, and they\\u2019re setting things up for the content editors this very moment. Soon Annastanger.dev will be an oasis of fresh perspectives, sharp analyses, and astute opinions that will keep you coming back again and again.<\\/p>\"}}', '2017-04-26 12:15:48', '2017-04-26 12:15:48', '45577243-de44-417c-80df-81025a7dcf31'),
 ('6', '2', '1', '1', 'de', '3', '', '{\"typeId\":null,\"authorId\":null,\"title\":\"Welcome to Annastanger.dev!\",\"slug\":\"homepage\",\"postDate\":1493208948,\"expiryDate\":null,\"enabled\":1,\"parentId\":null,\"fields\":{\"3\":[\"7\"],\"1\":\"<p>It\\u2019s true, this site doesn\\u2019t have a whole lot of content yet, but don\\u2019t worry. Our web developers have just installed the CMS, and they\\u2019re setting things up for the content editors this very moment. Soon Annastanger.dev will be an oasis of fresh perspectives, sharp analyses, and astute opinions that will keep you coming back again and again.<\\/p>\"}}', '2017-04-26 12:35:35', '2017-04-26 12:35:35', '3a9b8726-4b0e-472f-95dc-00e24e9a83d9'),
 ('7', '2', '1', '1', 'de', '4', '', '{\"typeId\":null,\"authorId\":null,\"title\":\"Welcome to Annastanger.dev!\",\"slug\":\"homepage\",\"postDate\":1493208948,\"expiryDate\":null,\"enabled\":1,\"parentId\":null,\"fields\":{\"3\":[\"7\"],\"1\":\"<p>It\\u2019s true, this site doesn\\u2019t have a whole lot of content yet, but don\\u2019t worry. Our web developers have just installed the CMS, and they\\u2019re setting things up for the content editors this very moment. Soon Annastanger.dev will be an oasis of fresh perspectives, sharp analyses, and astute opinions that will keep you coming back again and again.<\\/p>\"}}', '2017-04-26 12:35:55', '2017-04-26 12:35:55', '3ff194fc-adc0-44ff-899a-30c4d7a7801b'),
 ('8', '2', '1', '1', 'de', '5', '', '{\"typeId\":null,\"authorId\":null,\"title\":\"Welcome to Annastanger.dev!\",\"slug\":\"homepage\",\"postDate\":1493208948,\"expiryDate\":null,\"enabled\":1,\"parentId\":null,\"fields\":{\"3\":[\"7\"],\"1\":\"<p>It\\u2019s true, this site doesn\\u2019t have a whole lot of content yet, but don\\u2019t worry. Our web developers have just installed the CMS, and they\\u2019re setting things up for the content editors this very moment. Soon Annastanger.dev will be an oasis of fresh perspectives, sharp analyses, and astute opinions that will keep you coming back again and again.<\\/p>\"}}', '2017-04-26 12:36:07', '2017-04-26 12:36:07', '1c4804d1-5430-4908-a749-68fab66bc907'),
 ('14', '16', '4', '1', 'de', '1', '', '{\"typeId\":null,\"authorId\":\"1\",\"title\":\"New Painting\",\"slug\":\"new-painting\",\"postDate\":1494255525,\"expiryDate\":null,\"enabled\":1,\"parentId\":null,\"fields\":{\"4\":[\"13\",\"14\",\"15\"],\"1\":\"<p>Lorem ipsum dolor sit amet, consectetur adipisicing elit. Rerum accusamus optio iure ipsa voluptatem veniam, velit pariatur animi nobis molestiae dicta, incidunt necessitatibus at eum illo ullam quisquam. Distinctio, dicta.<\\/p>\"}}', '2017-05-08 14:58:45', '2017-05-08 14:58:45', '754ecc3e-8ca5-4e6d-99c7-871d72c7d623'),
 ('15', '16', '4', '1', 'de', '2', '', '{\"typeId\":\"4\",\"authorId\":\"1\",\"title\":\"New Painting\",\"slug\":\"new-painting\",\"postDate\":1494205200,\"expiryDate\":1494208800,\"enabled\":1,\"parentId\":null,\"fields\":{\"4\":[\"13\",\"14\",\"15\"],\"1\":\"<p>Lorem ipsum dolor sit amet, consectetur adipisicing elit. Rerum accusamus optio iure ipsa voluptatem veniam, velit pariatur animi nobis molestiae dicta, incidunt necessitatibus at eum illo ullam quisquam. Distinctio, dicta.<\\/p>\"}}', '2017-05-08 14:59:34', '2017-05-08 14:59:34', '4af88690-7b34-4bf6-bfc1-13d7df5ecbad'),
 ('16', '16', '4', '1', 'de', '3', '', '{\"typeId\":\"4\",\"authorId\":\"1\",\"title\":\"New Painting\",\"slug\":\"new-painting\",\"postDate\":1494205200,\"expiryDate\":null,\"enabled\":1,\"parentId\":null,\"fields\":{\"4\":[\"13\",\"14\",\"15\"],\"1\":\"<p>Lorem ipsum dolor sit amet, consectetur adipisicing elit. Rerum accusamus optio iure ipsa voluptatem veniam, velit pariatur animi nobis molestiae dicta, incidunt necessitatibus at eum illo ullam quisquam. Distinctio, dicta.<\\/p>\"}}', '2017-05-08 14:59:51', '2017-05-08 14:59:51', '7e64acc1-e8d1-44bc-abff-7252b5208782'),
 ('17', '16', '4', '1', 'de', '4', '', '{\"typeId\":\"4\",\"authorId\":\"1\",\"title\":\"New Painting\",\"slug\":\"my-painting\",\"postDate\":1494205200,\"expiryDate\":null,\"enabled\":1,\"parentId\":null,\"fields\":{\"4\":[\"13\",\"14\",\"15\"],\"1\":\"<p>Lorem ipsum dolor sit amet, consectetur adipisicing elit. Rerum accusamus optio iure ipsa voluptatem veniam, velit pariatur animi nobis molestiae dicta, incidunt necessitatibus at eum illo ullam quisquam. Distinctio, dicta.<\\/p>\"}}', '2017-05-09 09:37:18', '2017-05-09 09:37:18', '71907aa1-e90e-4f99-9420-ebedb11c74df'),
 ('18', '16', '4', '1', 'de', '5', '', '{\"typeId\":\"4\",\"authorId\":\"1\",\"title\":\"New Painting\",\"slug\":\"my-painting\",\"postDate\":1494205200,\"expiryDate\":null,\"enabled\":1,\"parentId\":null,\"fields\":{\"4\":[\"12\"],\"1\":\"<p>Lorem ipsum dolor sit amet, consectetur adipisicing elit. Rerum accusamus optio iure ipsa voluptatem veniam, velit pariatur animi nobis molestiae dicta, incidunt necessitatibus at eum illo ullam quisquam. Distinctio, dicta.<\\/p>\"}}', '2017-05-09 10:02:06', '2017-05-09 10:02:06', '4edc90de-1b4f-47c9-b075-01ff1afb007c'),
 ('19', '16', '4', '1', 'de', '6', '', '{\"typeId\":\"4\",\"authorId\":\"1\",\"title\":\"New Painting\",\"slug\":\"my-painting\",\"postDate\":1494205200,\"expiryDate\":null,\"enabled\":1,\"parentId\":null,\"fields\":{\"4\":[\"19\"],\"1\":\"<p>Lorem ipsum dolor sit amet, consectetur adipisicing elit. Rerum accusamus optio iure ipsa voluptatem veniam, velit pariatur animi nobis molestiae dicta, incidunt necessitatibus at eum illo ullam quisquam. Distinctio, dicta.<\\/p>\"}}', '2017-05-09 10:43:14', '2017-05-09 10:43:14', '25a3bfcd-ed8e-4a0c-a298-ab975aa5ace7'),
 ('20', '16', '4', '1', 'de', '7', '', '{\"typeId\":\"4\",\"authorId\":\"1\",\"title\":\"New Painting\",\"slug\":\"my-painting\",\"postDate\":1494205200,\"expiryDate\":null,\"enabled\":1,\"parentId\":null,\"fields\":{\"4\":[\"19\",\"18\"],\"1\":\"<p>Lorem ipsum dolor sit amet, consectetur adipisicing elit. Rerum accusamus optio iure ipsa voluptatem veniam, velit pariatur animi nobis molestiae dicta, incidunt necessitatibus at eum illo ullam quisquam. Distinctio, dicta.<\\/p>\"}}', '2017-05-09 10:56:15', '2017-05-09 10:56:15', '1c610608-2692-4b6d-ad10-00e6b66e9638'),
 ('21', '16', '4', '1', 'de', '8', '', '{\"typeId\":\"4\",\"authorId\":\"1\",\"title\":\"New Painting\",\"slug\":\"my-painting\",\"postDate\":1494205200,\"expiryDate\":null,\"enabled\":1,\"parentId\":null,\"fields\":{\"4\":[\"19\",\"18\"],\"1\":\"<p>Lorem ipsum dolor sit amet, consectetur adipisicing elit. Rerum accusamus optio iure ipsa voluptatem veniam, velit pariatur animi nobis molestiae dicta, incidunt necessitatibus at eum illo ullam quisquam. Distinctio, dicta.<\\/p>\"}}', '2017-05-09 10:56:15', '2017-05-09 10:56:15', '84810fd3-7182-47a8-8873-3c540db8dd11'),
 ('22', '16', '4', '1', 'de', '9', '', '{\"typeId\":\"4\",\"authorId\":\"1\",\"title\":\"matrix description\",\"slug\":\"my-painting\",\"postDate\":1494205200,\"expiryDate\":null,\"enabled\":1,\"parentId\":null,\"fields\":{\"4\":[\"19\",\"18\"],\"1\":\"<p>Lorem ipsum dolor sit amet, consectetur adipisicing elit. Rerum accusamus optio iure ipsa voluptatem veniam, velit pariatur animi nobis molestiae dicta, incidunt necessitatibus at eum illo ullam quisquam. Distinctio, dicta.<\\/p>\",\"5\":{\"new1\":{\"type\":\"body\",\"enabled\":\"1\",\"fields\":{\"text\":\"Matrix Textfeld Beschreibung \",\"image\":[\"9\"]}},\"new2\":{\"type\":\"body\",\"enabled\":\"1\",\"fields\":{\"text\":\"Zweite Matrix Beschreibung\",\"image\":[\"8\"]}}}}}', '2017-05-09 12:29:16', '2017-05-09 12:29:16', '70699355-1fa1-4f69-9001-5fbb14e414ad'),
 ('23', '16', '4', '1', 'de', '10', '', '{\"typeId\":\"4\",\"authorId\":\"1\",\"title\":\"matrix description\",\"slug\":\"my-painting\",\"postDate\":1494205200,\"expiryDate\":null,\"enabled\":1,\"parentId\":null,\"fields\":{\"4\":[\"18\",\"19\"],\"1\":\"<p>Hier noch ein text zu meiner neuen Serie von Bildern<\\/p>\",\"5\":{\"20\":{\"type\":\"body\",\"enabled\":\"1\",\"fields\":{\"text\":\"Matrix Textfeld Beschreibung \",\"image\":[\"9\"]}},\"21\":{\"type\":\"body\",\"enabled\":\"1\",\"fields\":{\"text\":\"Zweite Matrix Beschreibung\",\"image\":[\"8\"]}}}}}', '2017-10-08 14:43:07', '2017-10-08 14:43:07', 'cb3e8966-3f5d-4c29-8c0b-7017f803608c'),
 ('24', '16', '4', '1', 'de', '11', '', '{\"typeId\":\"4\",\"authorId\":\"1\",\"title\":\"Ein Erstes Bidl\",\"slug\":\"ein-erstes-bild\",\"postDate\":1494205200,\"expiryDate\":null,\"enabled\":1,\"parentId\":null,\"fields\":{\"4\":[\"18\",\"19\"],\"1\":\"<p>Hier noch ein text zu meiner neuen Serie von Bildern<\\/p>\"}}', '2017-10-08 14:46:49', '2017-10-08 14:46:49', 'e42d4798-d01e-4a0b-a1d4-4ed6112b24a8'),
 ('25', '16', '4', '1', 'de', '12', '', '{\"typeId\":\"4\",\"authorId\":\"1\",\"title\":\"Ein Erstes Bild\",\"slug\":\"ein-erstes-bild\",\"postDate\":1494205200,\"expiryDate\":null,\"enabled\":1,\"parentId\":null,\"fields\":{\"4\":[\"18\",\"19\"],\"1\":\"<p>Hier noch ein text zu meiner neuen Serie von Bildern<\\/p>\"}}', '2017-10-08 14:47:02', '2017-10-08 14:47:02', 'd120b3ba-97b6-4369-ae58-26517754dd5a'),
 ('26', '16', '4', '1', 'de', '13', '', '{\"typeId\":\"4\",\"authorId\":\"1\",\"title\":\"Ein Erstes Bild\",\"slug\":\"ein-erstes-bild\",\"postDate\":1494205200,\"expiryDate\":null,\"enabled\":1,\"parentId\":null,\"fields\":{\"4\":[\"18\",\"19\"],\"1\":\"<p>Hier noch ein text zu meiner neuen Serie von Bildern<\\/p>\"}}', '2017-10-08 14:49:17', '2017-10-08 14:49:17', '894787fa-73c8-4586-bed1-c952964ec303'),
 ('27', '16', '4', '1', 'de', '14', '', '{\"typeId\":\"4\",\"authorId\":\"1\",\"title\":\"Ein Erstes Bild\",\"slug\":\"ein-erstes-bild\",\"postDate\":1494205200,\"expiryDate\":null,\"enabled\":1,\"parentId\":null,\"fields\":{\"4\":[\"18\",\"19\"],\"1\":\"<p>Lorem ipsum dolor sit amet, consetetur sadipscing elitr, sed diam nonumy eirmod tempor invidunt ut labore et dolore magna aliquyam erat, sed diam voluptua. At vero eos et accusam et justo duo dolores et ea rebum. Stet clita kasd gubergren, no sea takimata sanctus est Lorem ipsum dolor sit amet. Lorem ipsum dolor sit amet, consetetur sadipscing elitr, sed diam nonumy eirmod tempor invidunt ut labore et dolore magna aliquyam erat, sed diam voluptua. At vero eos et accusam et justo duo dolores et ea rebum. Stet clita kasd gubergren, no sea takimata sanctus est Lorem ipsum dolor sit amet.<\\/p>\"}}', '2017-10-08 16:50:14', '2017-10-08 16:50:14', '350c3679-b16d-4a27-88c3-16e1dd81da8f'),
 ('28', '22', '4', '1', 'de', '1', '', '{\"typeId\":null,\"authorId\":\"1\",\"title\":\"Ein zweites Bild\",\"slug\":\"ein-zweites-bild\",\"postDate\":1507486361,\"expiryDate\":null,\"enabled\":1,\"parentId\":null,\"fields\":{\"4\":[\"9\"],\"1\":\"<p>Lorem ipsum<\\/p>\\r\\n<p>F\\u00fcr Designer, Schriftsetzer, Layouter, Grafikenthusiasten und alle anderen.<\\/p>\\r\\n<p>Ein Projekt startet und doch es gibt noch keinen Text, allerdings sollte das Layout schon bald pr\\u00e4sentiert werden ... was tun?<\\/p>\\r\\n<p>Damit das Projekt gleich starten kann benutze einfach etwas Lorem ipsum - Blind-, F\\u00fcll-, Dummy-, Nachahmungs-, Platzhaltertext.<\\/p>\\r\\n<p>Generiere einfach soviel Lorem Ipsum Text wie du brauchst, kopiere und f\\u00fcge ihn in dein Layout als vor\\u00fcbergehenden Platzhalter ein. Somit sieht das Projekt ein St\\u00fcckchen vollst\\u00e4ndiger aus als zuvor. Viel Spa\\u00df dabei.<\\/p>\"}}', '2017-10-08 18:12:42', '2017-10-08 18:12:42', 'efba4fae-0106-47ae-be99-43460300a8ad'),
 ('29', '22', '4', '1', 'de', '2', '', '{\"typeId\":\"4\",\"authorId\":\"1\",\"title\":\"Ein zweites Bild\",\"slug\":\"ein-zweites-bild\",\"postDate\":1507486320,\"expiryDate\":null,\"enabled\":1,\"parentId\":null,\"fields\":{\"4\":[\"19\"],\"1\":\"<p>Lorem ipsum<\\/p>\\r\\n<p>F\\u00fcr Designer, Schriftsetzer, Layouter, Grafikenthusiasten und alle anderen.<\\/p>\\r\\n<p>Ein Projekt startet und doch es gibt noch keinen Text, allerdings sollte das Layout schon bald pr\\u00e4sentiert werden ... was tun?<\\/p>\\r\\n<p>Damit das Projekt gleich starten kann benutze einfach etwas Lorem ipsum - Blind-, F\\u00fcll-, Dummy-, Nachahmungs-, Platzhaltertext.<\\/p>\\r\\n<p>Generiere einfach soviel Lorem Ipsum Text wie du brauchst, kopiere und f\\u00fcge ihn in dein Layout als vor\\u00fcbergehenden Platzhalter ein. Somit sieht das Projekt ein St\\u00fcckchen vollst\\u00e4ndiger aus als zuvor. Viel Spa\\u00df dabei.<\\/p>\"}}', '2017-10-08 18:15:53', '2017-10-08 18:15:53', '3b1e9997-fc9d-4743-b44d-944b6409912b'),
 ('30', '23', '5', '1', 'de', '1', NULL, '{\"typeId\":\"5\",\"authorId\":null,\"title\":\"About\",\"slug\":\"about\",\"postDate\":1507527107,\"expiryDate\":null,\"enabled\":1,\"parentId\":null,\"fields\":[]}', '2017-10-09 05:31:47', '2017-10-09 05:31:47', '1f6aae6b-4c35-46b9-a659-0f41c0152069'),
 ('31', '24', '6', '1', 'de', '1', NULL, '{\"typeId\":\"6\",\"authorId\":null,\"title\":\"Contact\",\"slug\":\"contact\",\"postDate\":1507527125,\"expiryDate\":null,\"enabled\":1,\"parentId\":null,\"fields\":[]}', '2017-10-09 05:32:05', '2017-10-09 05:32:05', '32c400ff-b2b0-40f9-a694-c0f15441bef5'),
 ('32', '23', '5', '1', 'de', '2', '', '{\"typeId\":\"5\",\"authorId\":null,\"title\":\"About\",\"slug\":\"about\",\"postDate\":1507527354,\"expiryDate\":null,\"enabled\":1,\"parentId\":null,\"fields\":{\"4\":\"\",\"1\":\"<p>About page<\\/p>\"}}', '2017-10-09 05:36:50', '2017-10-09 05:36:50', 'a5663b4b-6ed7-4eaa-ad49-04f3f521e73f'),
 ('33', '24', '6', '1', 'de', '2', '', '{\"typeId\":\"6\",\"authorId\":null,\"title\":\"Contact\",\"slug\":\"contact\",\"postDate\":1507527363,\"expiryDate\":null,\"enabled\":1,\"parentId\":null,\"fields\":{\"4\":\"\",\"1\":\"<p>Contact Page<\\/p>\"}}', '2017-10-09 05:37:09', '2017-10-09 05:37:09', '31789669-7560-497e-ab51-287ecf67809f'),
 ('34', '22', '4', '1', 'de', '3', '', '{\"typeId\":\"4\",\"authorId\":\"1\",\"title\":\"Ein zweites Bild\",\"slug\":\"ein-zweites-bild\",\"postDate\":1507486320,\"expiryDate\":null,\"enabled\":1,\"parentId\":null,\"fields\":{\"4\":[\"19\"],\"1\":\"<p>Lorem ipsum<\\/p>\\r\\n<p>F\\u00fcr Designer, Schriftsetzer, Layouter, Grafikenthusiasten und alle anderen.<\\/p>\\r\\n<p>Ein Projekt startet und doch es gibt noch keinen Text, allerdings sollte das Layout schon bald pr\\u00e4sentiert werden ... was tun?<\\/p>\\r\\n<p>Damit das Projekt gleich starten kann benutze einfach etwas Lorem ipsum - Blind-, F\\u00fcll-, Dummy-, Nachahmungs-, Platzhaltertext.<\\/p>\\r\\n<p>Generiere einfach soviel Lorem Ipsum Text wie du brauchst, kopiere und f\\u00fcge ihn in dein Layout als vor\\u00fcbergehenden Platzhalter ein. Somit sieht das Projekt ein St\\u00fcckchen vollst\\u00e4ndiger aus als zuvor. Viel Spa\\u00df dabei.<\\/p>\"}}', '2017-10-09 05:41:05', '2017-10-09 05:41:05', '05876396-2c0a-46cb-92f4-d4a20796408a'),
 ('35', '16', '4', '1', 'de', '15', '', '{\"typeId\":\"4\",\"authorId\":\"1\",\"title\":\"Ein Erstes Bild\",\"slug\":\"ein-erstes-bild\",\"postDate\":1494205200,\"expiryDate\":null,\"enabled\":1,\"parentId\":null,\"fields\":{\"4\":[\"18\",\"19\"],\"1\":\"<p>Lorem ipsum dolor sit amet, consetetur sadipscing elitr, sed diam nonumy eirmod tempor invidunt ut labore et dolore magna aliquyam erat, sed diam voluptua. At vero eos et accusam et justo duo dolores et ea rebum. Stet clita kasd gubergren, no sea takimata sanctus est Lorem ipsum dolor sit amet. Lorem ipsum dolor sit amet, consetetur sadipscing elitr, sed diam nonumy eirmod tempor invidunt ut labore et dolore magna aliquyam erat, sed diam voluptua. At vero eos et accusam et justo duo dolores et ea rebum. Stet clita kasd gubergren, no sea takimata sanctus est Lorem ipsum dolor sit amet.<\\/p>\"}}', '2017-10-09 05:41:10', '2017-10-09 05:41:10', 'd8d64406-e63b-4447-8c85-c442dd1b4c6f'),
 ('36', '22', '4', '1', 'de', '4', '', '{\"typeId\":\"4\",\"authorId\":\"1\",\"title\":\"Ein zweites Bild\",\"slug\":\"ein-zweites-bild\",\"postDate\":1507486320,\"expiryDate\":null,\"enabled\":1,\"parentId\":null,\"fields\":{\"4\":[\"19\",\"8\"],\"1\":\"<p>Lorem ipsum<\\/p>\\r\\n<p>F\\u00fcr Designer, Schriftsetzer, Layouter, Grafikenthusiasten und alle anderen.<\\/p>\\r\\n<p>Ein Projekt startet und doch es gibt noch keinen Text, allerdings sollte das Layout schon bald pr\\u00e4sentiert werden ... was tun?<\\/p>\\r\\n<p>Damit das Projekt gleich starten kann benutze einfach etwas Lorem ipsum - Blind-, F\\u00fcll-, Dummy-, Nachahmungs-, Platzhaltertext.<\\/p>\\r\\n<p>Generiere einfach soviel Lorem Ipsum Text wie du brauchst, kopiere und f\\u00fcge ihn in dein Layout als vor\\u00fcbergehenden Platzhalter ein. Somit sieht das Projekt ein St\\u00fcckchen vollst\\u00e4ndiger aus als zuvor. Viel Spa\\u00df dabei.<\\/p>\"}}', '2017-10-09 12:16:35', '2017-10-09 12:16:35', '04857aec-ed54-4211-b4dc-ad09d0286731'),
 ('37', '26', '4', '1', 'de', '1', '', '{\"typeId\":null,\"authorId\":\"1\",\"title\":\"Drittes Bild\",\"slug\":\"drittes-bild\",\"postDate\":1507551610,\"expiryDate\":null,\"enabled\":1,\"parentId\":null,\"fields\":{\"4\":[\"25\"],\"1\":\"\"}}', '2017-10-09 12:20:11', '2017-10-09 12:20:11', 'f455ed1b-68a2-4630-9052-48ea1c29177e'),
 ('38', '16', '4', '1', 'de', '16', '', '{\"typeId\":\"4\",\"authorId\":\"1\",\"title\":\"Ein Erstes Bild\",\"slug\":\"ein-erstes-bild\",\"postDate\":1494205200,\"expiryDate\":null,\"enabled\":1,\"parentId\":null,\"fields\":{\"4\":[\"19\",\"18\"],\"1\":\"<p>Lorem ipsum dolor sit amet, consetetur sadipscing elitr, sed diam nonumy eirmod tempor invidunt ut labore et dolore magna aliquyam erat, sed diam voluptua. At vero eos et accusam et justo duo dolores et ea rebum. Stet clita kasd gubergren, no sea takimata sanctus est Lorem ipsum dolor sit amet. Lorem ipsum dolor sit amet, consetetur sadipscing elitr, sed diam nonumy eirmod tempor invidunt ut labore et dolore magna aliquyam erat, sed diam voluptua. At vero eos et accusam et justo duo dolores et ea rebum. Stet clita kasd gubergren, no sea takimata sanctus est Lorem ipsum dolor sit amet.<\\/p>\"}}', '2017-10-09 13:50:25', '2017-10-09 13:50:25', '40e26ca5-7030-450e-b1ba-78322ee800ab'),
 ('39', '22', '4', '1', 'de', '5', '', '{\"typeId\":\"4\",\"authorId\":\"1\",\"title\":\"Ein zweites Bild\",\"slug\":\"ein-zweites-bild\",\"postDate\":1507486320,\"expiryDate\":null,\"enabled\":1,\"parentId\":null,\"fields\":{\"4\":[\"13\",\"8\"],\"1\":\"<p>Lorem ipsum<\\/p>\\r\\n<p>F\\u00fcr Designer, Schriftsetzer, Layouter, Grafikenthusiasten und alle anderen.<\\/p>\\r\\n<p>Ein Projekt startet und doch es gibt noch keinen Text, allerdings sollte das Layout schon bald pr\\u00e4sentiert werden ... was tun?<\\/p>\\r\\n<p>Damit das Projekt gleich starten kann benutze einfach etwas Lorem ipsum - Blind-, F\\u00fcll-, Dummy-, Nachahmungs-, Platzhaltertext.<\\/p>\\r\\n<p>Generiere einfach soviel Lorem Ipsum Text wie du brauchst, kopiere und f\\u00fcge ihn in dein Layout als vor\\u00fcbergehenden Platzhalter ein. Somit sieht das Projekt ein St\\u00fcckchen vollst\\u00e4ndiger aus als zuvor. Viel Spa\\u00df dabei.<\\/p>\"}}', '2017-10-09 13:50:46', '2017-10-09 13:50:46', 'e4559148-b079-4091-9d60-ff1ce3e7d9c2'),
 ('40', '22', '4', '1', 'de', '6', '', '{\"typeId\":\"4\",\"authorId\":\"1\",\"title\":\"Ein zweites Bild\",\"slug\":\"ein-zweites-bild\",\"postDate\":1507486320,\"expiryDate\":null,\"enabled\":1,\"parentId\":null,\"fields\":{\"4\":\"\",\"1\":\"<p>Lorem ipsum<\\/p>\\r\\n<p>F\\u00fcr Designer, Schriftsetzer, Layouter, Grafikenthusiasten und alle anderen.<\\/p>\\r\\n<p>Ein Projekt startet und doch es gibt noch keinen Text, allerdings sollte das Layout schon bald pr\\u00e4sentiert werden ... was tun?<\\/p>\\r\\n<p>Damit das Projekt gleich starten kann benutze einfach etwas Lorem ipsum - Blind-, F\\u00fcll-, Dummy-, Nachahmungs-, Platzhaltertext.<\\/p>\\r\\n<p>Generiere einfach soviel Lorem Ipsum Text wie du brauchst, kopiere und f\\u00fcge ihn in dein Layout als vor\\u00fcbergehenden Platzhalter ein. Somit sieht das Projekt ein St\\u00fcckchen vollst\\u00e4ndiger aus als zuvor. Viel Spa\\u00df dabei.<\\/p>\"}}', '2017-10-09 13:51:38', '2017-10-09 13:51:38', 'b8112685-6951-4bea-a338-931f860efbcb'),
 ('41', '22', '4', '1', 'de', '7', '', '{\"typeId\":\"4\",\"authorId\":\"1\",\"title\":\"Ein zweites Bild\",\"slug\":\"ein-zweites-bild\",\"postDate\":1507486320,\"expiryDate\":null,\"enabled\":1,\"parentId\":null,\"fields\":{\"4\":[\"8\"],\"1\":\"<p>Lorem ipsum<\\/p>\\r\\n<p>F\\u00fcr Designer, Schriftsetzer, Layouter, Grafikenthusiasten und alle anderen.<\\/p>\\r\\n<p>Ein Projekt startet und doch es gibt noch keinen Text, allerdings sollte das Layout schon bald pr\\u00e4sentiert werden ... was tun?<\\/p>\\r\\n<p>Damit das Projekt gleich starten kann benutze einfach etwas Lorem ipsum - Blind-, F\\u00fcll-, Dummy-, Nachahmungs-, Platzhaltertext.<\\/p>\\r\\n<p>Generiere einfach soviel Lorem Ipsum Text wie du brauchst, kopiere und f\\u00fcge ihn in dein Layout als vor\\u00fcbergehenden Platzhalter ein. Somit sieht das Projekt ein St\\u00fcckchen vollst\\u00e4ndiger aus als zuvor. Viel Spa\\u00df dabei.<\\/p>\"}}', '2017-10-09 13:52:03', '2017-10-09 13:52:03', '8c46f691-1f63-40fb-8729-b6e952ca8765'),
 ('42', '16', '4', '1', 'de', '17', '', '{\"typeId\":\"4\",\"authorId\":\"1\",\"title\":\"Ein Erstes Bild\",\"slug\":\"ein-erstes-bild\",\"postDate\":1494205200,\"expiryDate\":null,\"enabled\":1,\"parentId\":null,\"fields\":{\"4\":[\"19\",\"18\"],\"1\":\"<p>Lorem ipsum dolor sit amet, consetetur sadipscing elitr, sed diam nonumy eirmod tempor invidunt ut labore et dolore magna aliquyam erat, sed diam voluptua. At vero eos et accusam et justo duo dolores et ea rebum. Stet clita kasd gubergren, no sea takimata sanctus est Lorem ipsum dolor sit amet. Lorem ipsum dolor sit amet, consetetur sadipscing elitr, sed diam nonumy eirmod tempor invidunt ut labore et dolore magna aliquyam erat, sed diam voluptua. At vero eos et accusam et justo duo dolores et ea rebum. Stet clita kasd gubergren, no sea takimata sanctus est Lorem ipsum dolor sit amet.<\\/p>\"}}', '2017-10-09 13:52:12', '2017-10-09 13:52:12', 'e5134186-c438-4153-848d-f4a7fe7e8c93'),
 ('43', '16', '4', '1', 'de', '18', '', '{\"typeId\":\"4\",\"authorId\":\"1\",\"title\":\"Ein Erstes Bild\",\"slug\":\"ein-erstes-bild\",\"postDate\":1494205200,\"expiryDate\":null,\"enabled\":1,\"parentId\":null,\"fields\":{\"4\":\"\",\"1\":\"<p>Lorem ipsum dolor sit amet, consetetur sadipscing elitr, sed diam nonumy eirmod tempor invidunt ut labore et dolore magna aliquyam erat, sed diam voluptua. At vero eos et accusam et justo duo dolores et ea rebum. Stet clita kasd gubergren, no sea takimata sanctus est Lorem ipsum dolor sit amet. Lorem ipsum dolor sit amet, consetetur sadipscing elitr, sed diam nonumy eirmod tempor invidunt ut labore et dolore magna aliquyam erat, sed diam voluptua. At vero eos et accusam et justo duo dolores et ea rebum. Stet clita kasd gubergren, no sea takimata sanctus est Lorem ipsum dolor sit amet.<\\/p>\"}}', '2017-10-09 13:52:40', '2017-10-09 13:52:40', 'b7ee9f7b-367f-443d-8d9c-69825973af29'),
 ('44', '16', '4', '1', 'de', '19', '', '{\"typeId\":\"4\",\"authorId\":\"1\",\"title\":\"Ein Erstes Bild\",\"slug\":\"ein-erstes-bild\",\"postDate\":1494205200,\"expiryDate\":null,\"enabled\":1,\"parentId\":null,\"fields\":{\"4\":[\"27\"],\"1\":\"<p>Lorem ipsum dolor sit amet, consetetur sadipscing elitr, sed diam nonumy eirmod tempor invidunt ut labore et dolore magna aliquyam erat, sed diam voluptua. At vero eos et accusam et justo duo dolores et ea rebum. Stet clita kasd gubergren, no sea takimata sanctus est Lorem ipsum dolor sit amet. Lorem ipsum dolor sit amet, consetetur sadipscing elitr, sed diam nonumy eirmod tempor invidunt ut labore et dolore magna aliquyam erat, sed diam voluptua. At vero eos et accusam et justo duo dolores et ea rebum. Stet clita kasd gubergren, no sea takimata sanctus est Lorem ipsum dolor sit amet.<\\/p>\"}}', '2017-10-09 13:53:17', '2017-10-09 13:53:17', 'd595caef-ca4c-4ba1-9b21-a988fd8a5fac');



DROP TABLE IF EXISTS `craft_fieldgroups`;


--
-- Schema for table `craft_fieldgroups`
--
CREATE TABLE `craft_fieldgroups` (
  `id` int(11) NOT NULL AUTO_INCREMENT,
  `name` varchar(255) COLLATE utf8_unicode_ci NOT NULL,
  `dateCreated` datetime NOT NULL,
  `dateUpdated` datetime NOT NULL,
  `uid` char(36) COLLATE utf8_unicode_ci NOT NULL DEFAULT '0',
  PRIMARY KEY (`id`),
  UNIQUE KEY `craft_fieldgroups_name_unq_idx` (`name`)
) ENGINE=InnoDB AUTO_INCREMENT=2 DEFAULT CHARSET=utf8 COLLATE=utf8_unicode_ci;

--
-- Data for table `craft_fieldgroups`
--

INSERT INTO `craft_fieldgroups` (`id`, `name`, `dateCreated`, `dateUpdated`, `uid`) VALUES
 ('1', 'Default', '2017-04-26 12:15:48', '2017-04-26 12:15:48', '115b7268-5897-4bd1-9079-9a4677682666');



DROP TABLE IF EXISTS `craft_fieldlayoutfields`;


--
-- Schema for table `craft_fieldlayoutfields`
--
CREATE TABLE `craft_fieldlayoutfields` (
  `id` int(11) NOT NULL AUTO_INCREMENT,
  `layoutId` int(11) NOT NULL,
  `tabId` int(11) NOT NULL,
  `fieldId` int(11) NOT NULL,
  `required` tinyint(1) unsigned NOT NULL DEFAULT '0',
  `sortOrder` smallint(6) unsigned DEFAULT NULL,
  `dateCreated` datetime NOT NULL,
  `dateUpdated` datetime NOT NULL,
  `uid` char(36) COLLATE utf8_unicode_ci NOT NULL DEFAULT '0',
  PRIMARY KEY (`id`),
  UNIQUE KEY `craft_fieldlayoutfields_layoutId_fieldId_unq_idx` (`layoutId`,`fieldId`),
  KEY `craft_fieldlayoutfields_sortOrder_idx` (`sortOrder`),
  KEY `craft_fieldlayoutfields_tabId_fk` (`tabId`),
  KEY `craft_fieldlayoutfields_fieldId_fk` (`fieldId`)
) ENGINE=InnoDB AUTO_INCREMENT=35 DEFAULT CHARSET=utf8 COLLATE=utf8_unicode_ci;

--
-- Data for table `craft_fieldlayoutfields`
--

INSERT INTO `craft_fieldlayoutfields` (`id`, `layoutId`, `tabId`, `fieldId`, `required`, `sortOrder`, `dateCreated`, `dateUpdated`, `uid`) VALUES
 ('4', '6', '3', '1', '1', '1', '2017-04-26 12:22:09', '2017-04-26 12:22:09', '8752263a-233a-437d-bbb4-7f9e8443a736'),
 ('16', '24', '9', '6', '0', '1', '2017-05-09 12:26:23', '2017-05-09 12:26:23', '118e4250-2ce5-4c54-9716-c04595ea2c40'),
 ('17', '24', '9', '7', '0', '2', '2017-05-09 12:26:23', '2017-05-09 12:26:23', '4dcefe05-29fc-4b11-9805-b346d8d7b20d'),
 ('29', '32', '16', '4', '0', '1', '2017-10-09 05:34:10', '2017-10-09 05:34:10', 'e62694bb-cab8-47fc-8bfa-540469391db7'),
 ('30', '32', '16', '1', '0', '2', '2017-10-09 05:34:10', '2017-10-09 05:34:10', 'f40eba4e-ad5f-4e87-8f7d-9bc11b4c31b7'),
 ('31', '33', '17', '4', '0', '1', '2017-10-09 05:34:29', '2017-10-09 05:34:29', '3375a119-fd73-4f00-ba2c-fd9abbee7aa1'),
 ('32', '33', '17', '1', '0', '2', '2017-10-09 05:34:29', '2017-10-09 05:34:29', '4e4f5cf8-02b1-4cc8-ba67-ae119d9a7af1'),
 ('33', '34', '18', '4', '0', '1', '2017-10-09 05:43:22', '2017-10-09 05:43:22', '8c13f294-304c-4f2e-9740-d041618b2c32'),
 ('34', '34', '18', '1', '0', '2', '2017-10-09 05:43:22', '2017-10-09 05:43:22', '4d317e6d-4871-4564-8e3e-aa3923a73b02');



DROP TABLE IF EXISTS `craft_fieldlayouts`;


--
-- Schema for table `craft_fieldlayouts`
--
CREATE TABLE `craft_fieldlayouts` (
  `id` int(11) NOT NULL AUTO_INCREMENT,
  `type` varchar(150) COLLATE utf8_unicode_ci NOT NULL,
  `dateCreated` datetime NOT NULL,
  `dateUpdated` datetime NOT NULL,
  `uid` char(36) COLLATE utf8_unicode_ci NOT NULL DEFAULT '0',
  PRIMARY KEY (`id`),
  KEY `craft_fieldlayouts_type_idx` (`type`)
) ENGINE=InnoDB AUTO_INCREMENT=37 DEFAULT CHARSET=utf8 COLLATE=utf8_unicode_ci;

--
-- Data for table `craft_fieldlayouts`
--

INSERT INTO `craft_fieldlayouts` (`id`, `type`, `dateCreated`, `dateUpdated`, `uid`) VALUES
 ('1', 'Tag', '2017-04-26 12:15:48', '2017-04-26 12:15:48', '979ffe23-5fab-45f6-8131-445abe1ae100'),
 ('6', 'Entry', '2017-04-26 12:22:09', '2017-04-26 12:22:09', 'f28547d4-ba55-42e9-9ce9-a91afd3d9153'),
 ('24', 'MatrixBlock', '2017-05-09 12:26:23', '2017-05-09 12:26:23', '221f5f15-66f0-4112-97e5-e9e0a40b4cb9'),
 ('32', 'Entry', '2017-10-09 05:34:10', '2017-10-09 05:34:10', '68b6f4e7-0a31-4b9e-bf15-f760e2cda100'),
 ('33', 'Entry', '2017-10-09 05:34:29', '2017-10-09 05:34:29', '62a1ef12-2a9c-41e4-acff-f1f57111d4c9'),
 ('34', 'Entry', '2017-10-09 05:43:22', '2017-10-09 05:43:22', 'c4d7ae2c-c74e-4fb8-9cda-089dc7e6b0a5'),
 ('36', 'Asset', '2017-10-09 12:23:00', '2017-10-09 12:23:00', 'c9cb303b-fb0c-4517-8346-2c250cc6373a');



DROP TABLE IF EXISTS `craft_fieldlayouttabs`;


--
-- Schema for table `craft_fieldlayouttabs`
--
CREATE TABLE `craft_fieldlayouttabs` (
  `id` int(11) NOT NULL AUTO_INCREMENT,
  `layoutId` int(11) NOT NULL,
  `name` varchar(255) COLLATE utf8_unicode_ci NOT NULL,
  `sortOrder` smallint(6) unsigned DEFAULT NULL,
  `dateCreated` datetime NOT NULL,
  `dateUpdated` datetime NOT NULL,
  `uid` char(36) COLLATE utf8_unicode_ci NOT NULL DEFAULT '0',
  PRIMARY KEY (`id`),
  KEY `craft_fieldlayouttabs_sortOrder_idx` (`sortOrder`),
  KEY `craft_fieldlayouttabs_layoutId_fk` (`layoutId`)
) ENGINE=InnoDB AUTO_INCREMENT=19 DEFAULT CHARSET=utf8 COLLATE=utf8_unicode_ci;

--
-- Data for table `craft_fieldlayouttabs`
--

INSERT INTO `craft_fieldlayouttabs` (`id`, `layoutId`, `name`, `sortOrder`, `dateCreated`, `dateUpdated`, `uid`) VALUES
 ('3', '6', 'Content', '1', '2017-04-26 12:22:09', '2017-04-26 12:22:09', '691cf941-fd35-497f-8b95-0659645fa242'),
 ('9', '24', 'Content', '1', '2017-05-09 12:26:23', '2017-05-09 12:26:23', '0aced2cc-3c95-4849-919a-a6259af3176d'),
 ('16', '32', 'Tab 1', '1', '2017-10-09 05:34:10', '2017-10-09 05:34:10', '7dfcab61-ac7c-4fed-a4d6-d9bfdd8bb933'),
 ('17', '33', 'Tab 1', '1', '2017-10-09 05:34:29', '2017-10-09 05:34:29', 'c7510232-d6ed-40eb-8bca-d1281b5cc0e2'),
 ('18', '34', 'content', '1', '2017-10-09 05:43:22', '2017-10-09 05:43:22', '335cda50-cb04-41de-acf7-0bbd7c48cda1');



DROP TABLE IF EXISTS `craft_fields`;


--
-- Schema for table `craft_fields`
--
CREATE TABLE `craft_fields` (
  `id` int(11) NOT NULL AUTO_INCREMENT,
  `groupId` int(11) DEFAULT NULL,
  `name` varchar(255) COLLATE utf8_unicode_ci NOT NULL,
  `handle` varchar(58) COLLATE utf8_unicode_ci NOT NULL,
  `context` varchar(255) COLLATE utf8_unicode_ci NOT NULL DEFAULT 'global',
  `instructions` text COLLATE utf8_unicode_ci,
  `translatable` tinyint(1) unsigned NOT NULL DEFAULT '0',
  `type` varchar(150) COLLATE utf8_unicode_ci NOT NULL,
  `settings` text COLLATE utf8_unicode_ci,
  `dateCreated` datetime NOT NULL,
  `dateUpdated` datetime NOT NULL,
  `uid` char(36) COLLATE utf8_unicode_ci NOT NULL DEFAULT '0',
  PRIMARY KEY (`id`),
  UNIQUE KEY `craft_fields_handle_context_unq_idx` (`handle`,`context`),
  KEY `craft_fields_context_idx` (`context`),
  KEY `craft_fields_groupId_fk` (`groupId`)
) ENGINE=InnoDB AUTO_INCREMENT=8 DEFAULT CHARSET=utf8 COLLATE=utf8_unicode_ci;

--
-- Data for table `craft_fields`
--

INSERT INTO `craft_fields` (`id`, `groupId`, `name`, `handle`, `context`, `instructions`, `translatable`, `type`, `settings`, `dateCreated`, `dateUpdated`, `uid`) VALUES
 ('1', '1', 'Body', 'body', 'global', NULL, '1', 'RichText', '{\"configFile\":\"Standard.json\",\"columnType\":\"text\"}', '2017-04-26 12:15:48', '2017-04-26 12:15:48', '6596bc0d-c232-422c-b342-2052ecb08a82'),
 ('2', '1', 'Tags', 'tags', 'global', NULL, '0', 'Tags', '{\"source\":\"taggroup:1\"}', '2017-04-26 12:15:48', '2017-04-26 12:15:48', '05fae59c-9aee-4b78-b59a-98fdf793ed7b'),
 ('4', '1', 'Bilder', 'images', 'global', '', '0', 'Assets', '{\"useSingleFolder\":\"\",\"sources\":[\"folder:1\"],\"defaultUploadLocationSource\":\"1\",\"defaultUploadLocationSubpath\":\"uploads\\/images\",\"singleUploadLocationSource\":\"1\",\"singleUploadLocationSubpath\":\"\",\"restrictFiles\":\"1\",\"allowedKinds\":[\"image\"],\"limit\":\"\",\"viewMode\":\"large\",\"selectionLabel\":\"\"}', '2017-05-08 14:45:17', '2017-05-08 14:52:21', 'f402713d-d3f1-4702-a450-067ce9e64a24'),
 ('5', '1', 'description', 'aboutme', 'global', '', '0', 'Matrix', '{\"maxBlocks\":null}', '2017-05-09 12:26:02', '2017-05-09 12:26:23', 'a44cb980-2e1e-49a8-b21b-2edff484df97'),
 ('6', NULL, 'Text', 'text', 'matrixBlockType:1', '', '0', 'PlainText', '{\"placeholder\":\"Artikelbeschreibung\",\"maxLength\":\"\",\"multiline\":\"1\",\"initialRows\":\"4\"}', '2017-05-09 12:26:02', '2017-05-09 12:26:23', 'ca0d82ac-67ab-42a9-9096-51e3e45481d1'),
 ('7', NULL, 'Bild', 'image', 'matrixBlockType:1', '', '0', 'Assets', '{\"useSingleFolder\":\"\",\"sources\":[\"folder:1\"],\"defaultUploadLocationSource\":\"1\",\"defaultUploadLocationSubpath\":\"\",\"singleUploadLocationSource\":\"1\",\"singleUploadLocationSubpath\":\"\",\"restrictFiles\":\"1\",\"allowedKinds\":[\"image\"],\"limit\":\"\",\"viewMode\":\"large\",\"selectionLabel\":\"\"}', '2017-05-09 12:26:02', '2017-05-09 12:26:23', 'a9e4f3c6-4068-4445-b5ab-75fe94380edc');



DROP TABLE IF EXISTS `craft_globalsets`;


--
-- Schema for table `craft_globalsets`
--
CREATE TABLE `craft_globalsets` (
  `id` int(11) NOT NULL,
  `name` varchar(255) COLLATE utf8_unicode_ci NOT NULL,
  `handle` varchar(255) COLLATE utf8_unicode_ci NOT NULL,
  `fieldLayoutId` int(10) DEFAULT NULL,
  `dateCreated` datetime NOT NULL,
  `dateUpdated` datetime NOT NULL,
  `uid` char(36) COLLATE utf8_unicode_ci NOT NULL DEFAULT '0',
  PRIMARY KEY (`id`),
  UNIQUE KEY `craft_globalsets_name_unq_idx` (`name`),
  UNIQUE KEY `craft_globalsets_handle_unq_idx` (`handle`),
  KEY `craft_globalsets_fieldLayoutId_fk` (`fieldLayoutId`)
) ENGINE=InnoDB DEFAULT CHARSET=utf8 COLLATE=utf8_unicode_ci;

DROP TABLE IF EXISTS `craft_info`;


--
-- Schema for table `craft_info`
--
CREATE TABLE `craft_info` (
  `id` int(11) NOT NULL AUTO_INCREMENT,
  `version` varchar(50) COLLATE utf8_unicode_ci NOT NULL,
  `schemaVersion` varchar(15) COLLATE utf8_unicode_ci NOT NULL,
  `edition` tinyint(1) unsigned NOT NULL DEFAULT '0',
  `siteName` varchar(100) COLLATE utf8_unicode_ci NOT NULL,
  `siteUrl` varchar(255) COLLATE utf8_unicode_ci NOT NULL,
  `timezone` varchar(30) COLLATE utf8_unicode_ci DEFAULT NULL,
  `on` tinyint(1) unsigned NOT NULL DEFAULT '0',
  `maintenance` tinyint(1) unsigned NOT NULL DEFAULT '0',
  `dateCreated` datetime NOT NULL,
  `dateUpdated` datetime NOT NULL,
  `uid` char(36) COLLATE utf8_unicode_ci NOT NULL DEFAULT '0',
  PRIMARY KEY (`id`)
) ENGINE=InnoDB AUTO_INCREMENT=2 DEFAULT CHARSET=utf8 COLLATE=utf8_unicode_ci;

--
-- Data for table `craft_info`
--

INSERT INTO `craft_info` (`id`, `version`, `schemaVersion`, `edition`, `siteName`, `siteUrl`, `timezone`, `on`, `maintenance`, `dateCreated`, `dateUpdated`, `uid`) VALUES
 ('1', '2.6.2974', '2.6.9', '0', 'Anna Stanger', 'http://annastanger.dev', 'UTC', '1', '1', '2017-04-26 12:15:46', '2017-10-10 06:27:34', '86745e56-0c2c-4a61-b2e0-c84060a50e6d');



DROP TABLE IF EXISTS `craft_locales`;


--
-- Schema for table `craft_locales`
--
CREATE TABLE `craft_locales` (
  `locale` char(12) COLLATE utf8_unicode_ci NOT NULL,
  `sortOrder` smallint(6) unsigned DEFAULT NULL,
  `dateCreated` datetime NOT NULL,
  `dateUpdated` datetime NOT NULL,
  `uid` char(36) COLLATE utf8_unicode_ci NOT NULL DEFAULT '0',
  PRIMARY KEY (`locale`),
  KEY `craft_locales_sortOrder_idx` (`sortOrder`)
) ENGINE=InnoDB DEFAULT CHARSET=utf8 COLLATE=utf8_unicode_ci;

--
-- Data for table `craft_locales`
--

INSERT INTO `craft_locales` (`locale`, `sortOrder`, `dateCreated`, `dateUpdated`, `uid`) VALUES
 ('de', '1', '2017-04-26 12:15:46', '2017-04-26 12:15:46', '0481dd92-520d-4662-b026-e05b4ff6ba48');



DROP TABLE IF EXISTS `craft_matrixblocks`;


--
-- Schema for table `craft_matrixblocks`
--
CREATE TABLE `craft_matrixblocks` (
  `id` int(11) NOT NULL,
  `ownerId` int(11) NOT NULL,
  `fieldId` int(11) NOT NULL,
  `typeId` int(11) DEFAULT NULL,
  `sortOrder` smallint(6) unsigned DEFAULT NULL,
  `ownerLocale` char(12) COLLATE utf8_unicode_ci DEFAULT NULL,
  `dateCreated` datetime NOT NULL,
  `dateUpdated` datetime NOT NULL,
  `uid` char(36) COLLATE utf8_unicode_ci NOT NULL DEFAULT '0',
  PRIMARY KEY (`id`),
  KEY `craft_matrixblocks_ownerId_idx` (`ownerId`),
  KEY `craft_matrixblocks_fieldId_idx` (`fieldId`),
  KEY `craft_matrixblocks_typeId_idx` (`typeId`),
  KEY `craft_matrixblocks_sortOrder_idx` (`sortOrder`),
  KEY `craft_matrixblocks_ownerLocale_fk` (`ownerLocale`)
) ENGINE=InnoDB DEFAULT CHARSET=utf8 COLLATE=utf8_unicode_ci;

--
-- Data for table `craft_matrixblocks`
--

INSERT INTO `craft_matrixblocks` (`id`, `ownerId`, `fieldId`, `typeId`, `sortOrder`, `ownerLocale`, `dateCreated`, `dateUpdated`, `uid`) VALUES
 ('20', '16', '5', '1', '1', NULL, '2017-05-09 12:29:16', '2017-10-08 14:43:07', '6733bb52-04df-4a65-851b-024a6d46ea0f'),
 ('21', '16', '5', '1', '2', NULL, '2017-05-09 12:29:16', '2017-10-08 14:43:07', '5292fade-8579-4ae1-9ab5-9b1ef2fff1f7');



DROP TABLE IF EXISTS `craft_matrixblocktypes`;


--
-- Schema for table `craft_matrixblocktypes`
--
CREATE TABLE `craft_matrixblocktypes` (
  `id` int(11) NOT NULL AUTO_INCREMENT,
  `fieldId` int(11) NOT NULL,
  `fieldLayoutId` int(11) DEFAULT NULL,
  `name` varchar(255) COLLATE utf8_unicode_ci NOT NULL,
  `handle` varchar(255) COLLATE utf8_unicode_ci NOT NULL,
  `sortOrder` smallint(6) unsigned DEFAULT NULL,
  `dateCreated` datetime NOT NULL,
  `dateUpdated` datetime NOT NULL,
  `uid` char(36) COLLATE utf8_unicode_ci NOT NULL DEFAULT '0',
  PRIMARY KEY (`id`),
  UNIQUE KEY `craft_matrixblocktypes_name_fieldId_unq_idx` (`name`,`fieldId`),
  UNIQUE KEY `craft_matrixblocktypes_handle_fieldId_unq_idx` (`handle`,`fieldId`),
  KEY `craft_matrixblocktypes_fieldId_fk` (`fieldId`),
  KEY `craft_matrixblocktypes_fieldLayoutId_fk` (`fieldLayoutId`)
) ENGINE=InnoDB AUTO_INCREMENT=2 DEFAULT CHARSET=utf8 COLLATE=utf8_unicode_ci;

--
-- Data for table `craft_matrixblocktypes`
--

INSERT INTO `craft_matrixblocktypes` (`id`, `fieldId`, `fieldLayoutId`, `name`, `handle`, `sortOrder`, `dateCreated`, `dateUpdated`, `uid`) VALUES
 ('1', '5', '24', 'description', 'body', '1', '2017-05-09 12:26:02', '2017-05-09 12:26:23', 'b797c40a-36d5-4404-82a9-47f71d8d2f22');



DROP TABLE IF EXISTS `craft_matrixcontent_aboutme`;


--
-- Schema for table `craft_matrixcontent_aboutme`
--
CREATE TABLE `craft_matrixcontent_aboutme` (
  `id` int(11) NOT NULL AUTO_INCREMENT,
  `elementId` int(11) NOT NULL,
  `locale` char(12) COLLATE utf8_unicode_ci NOT NULL,
  `field_body_text` text COLLATE utf8_unicode_ci,
  `dateCreated` datetime NOT NULL,
  `dateUpdated` datetime NOT NULL,
  `uid` char(36) COLLATE utf8_unicode_ci NOT NULL DEFAULT '0',
  PRIMARY KEY (`id`),
  UNIQUE KEY `craft_matrixcontent_aboutme_elementId_locale_unq_idx` (`elementId`,`locale`),
  KEY `craft_matrixcontent_aboutme_locale_fk` (`locale`)
) ENGINE=InnoDB AUTO_INCREMENT=3 DEFAULT CHARSET=utf8 COLLATE=utf8_unicode_ci;

--
-- Data for table `craft_matrixcontent_aboutme`
--

INSERT INTO `craft_matrixcontent_aboutme` (`id`, `elementId`, `locale`, `field_body_text`, `dateCreated`, `dateUpdated`, `uid`) VALUES
 ('1', '20', 'de', 'Matrix Textfeld Beschreibung ', '2017-05-09 12:29:16', '2017-10-08 14:43:07', 'fe6be684-f13d-47a2-8ed1-a3a1ba529e01'),
 ('2', '21', 'de', 'Zweite Matrix Beschreibung', '2017-05-09 12:29:16', '2017-10-08 14:43:07', '06634de1-5835-4823-8c6a-aad1e41a95e7');



DROP TABLE IF EXISTS `craft_migrations`;


--
-- Schema for table `craft_migrations`
--
CREATE TABLE `craft_migrations` (
  `id` int(11) NOT NULL AUTO_INCREMENT,
  `pluginId` int(11) DEFAULT NULL,
  `version` varchar(255) COLLATE utf8_unicode_ci NOT NULL,
  `applyTime` datetime NOT NULL,
  `dateCreated` datetime NOT NULL,
  `dateUpdated` datetime NOT NULL,
  `uid` char(36) COLLATE utf8_unicode_ci NOT NULL DEFAULT '0',
  PRIMARY KEY (`id`),
  UNIQUE KEY `craft_migrations_version_unq_idx` (`version`),
  KEY `craft_migrations_pluginId_fk` (`pluginId`)
) ENGINE=InnoDB AUTO_INCREMENT=40 DEFAULT CHARSET=utf8 COLLATE=utf8_unicode_ci;

--
-- Data for table `craft_migrations`
--

INSERT INTO `craft_migrations` (`id`, `pluginId`, `version`, `applyTime`, `dateCreated`, `dateUpdated`, `uid`) VALUES
 ('1', NULL, 'm000000_000000_base', '2017-04-26 12:15:46', '2017-04-26 12:15:46', '2017-04-26 12:15:46', 'df34a3b2-8f37-4eb5-b316-ae584da55cec'),
 ('2', NULL, 'm140730_000001_add_filename_and_format_to_transformindex', '2017-04-26 12:15:46', '2017-04-26 12:15:46', '2017-04-26 12:15:46', '334b4288-f75e-4ab4-bd10-3a32c456d2ca'),
 ('3', NULL, 'm140815_000001_add_format_to_transforms', '2017-04-26 12:15:46', '2017-04-26 12:15:46', '2017-04-26 12:15:46', '43f69c80-279f-4f7f-a1f9-fe5125868a2d'),
 ('4', NULL, 'm140822_000001_allow_more_than_128_items_per_field', '2017-04-26 12:15:46', '2017-04-26 12:15:46', '2017-04-26 12:15:46', '561d20ab-87c9-4b43-b1f6-2738d5eab478'),
 ('5', NULL, 'm140829_000001_single_title_formats', '2017-04-26 12:15:46', '2017-04-26 12:15:46', '2017-04-26 12:15:46', '1ed2a84a-c58c-4430-bbba-71d304ddd940'),
 ('6', NULL, 'm140831_000001_extended_cache_keys', '2017-04-26 12:15:46', '2017-04-26 12:15:46', '2017-04-26 12:15:46', '62c958e4-491a-4607-8f1a-274538ee37f5'),
 ('7', NULL, 'm140922_000001_delete_orphaned_matrix_blocks', '2017-04-26 12:15:46', '2017-04-26 12:15:46', '2017-04-26 12:15:46', 'fdbffb37-c4cc-46ec-9895-456dfa7e4121'),
 ('8', NULL, 'm141008_000001_elements_index_tune', '2017-04-26 12:15:46', '2017-04-26 12:15:46', '2017-04-26 12:15:46', 'acd426e8-9021-49b2-8bc8-2d8b9bba8c1a'),
 ('9', NULL, 'm141009_000001_assets_source_handle', '2017-04-26 12:15:46', '2017-04-26 12:15:46', '2017-04-26 12:15:46', 'a7806f5e-f336-4557-9e82-4a0d5833e198'),
 ('10', NULL, 'm141024_000001_field_layout_tabs', '2017-04-26 12:15:46', '2017-04-26 12:15:46', '2017-04-26 12:15:46', '1e541744-4e68-42f5-ac72-f3b391eb071c'),
 ('11', NULL, 'm141030_000000_plugin_schema_versions', '2017-04-26 12:15:46', '2017-04-26 12:15:46', '2017-04-26 12:15:46', '9ba186f6-634e-4b59-aa18-7e8b663acea4'),
 ('12', NULL, 'm141030_000001_drop_structure_move_permission', '2017-04-26 12:15:46', '2017-04-26 12:15:46', '2017-04-26 12:15:46', '307ddc54-c186-4b22-a128-a80373074e0a'),
 ('13', NULL, 'm141103_000001_tag_titles', '2017-04-26 12:15:46', '2017-04-26 12:15:46', '2017-04-26 12:15:46', '067d3f1d-9382-4148-a7e2-41cfe6e55da0'),
 ('14', NULL, 'm141109_000001_user_status_shuffle', '2017-04-26 12:15:46', '2017-04-26 12:15:46', '2017-04-26 12:15:46', '724499d8-58f5-4f0e-a335-c1fb95264bee'),
 ('15', NULL, 'm141126_000001_user_week_start_day', '2017-04-26 12:15:46', '2017-04-26 12:15:46', '2017-04-26 12:15:46', '7b16b548-22cb-47ed-86d8-23eb41ee372f'),
 ('16', NULL, 'm150210_000001_adjust_user_photo_size', '2017-04-26 12:15:46', '2017-04-26 12:15:46', '2017-04-26 12:15:46', '2cd2e491-9d86-4ce0-a277-d6dcc68e25d7'),
 ('17', NULL, 'm150724_000001_adjust_quality_settings', '2017-04-26 12:15:46', '2017-04-26 12:15:46', '2017-04-26 12:15:46', '6d9720f2-8acd-4696-9ac7-9766470f5944'),
 ('18', NULL, 'm150827_000000_element_index_settings', '2017-04-26 12:15:46', '2017-04-26 12:15:46', '2017-04-26 12:15:46', 'dfff7b65-a993-4957-ace9-5c560c79da00'),
 ('19', NULL, 'm150918_000001_add_colspan_to_widgets', '2017-04-26 12:15:46', '2017-04-26 12:15:46', '2017-04-26 12:15:46', '6e41544b-0476-411e-a6a0-16ba73f698ff'),
 ('20', NULL, 'm151007_000000_clear_asset_caches', '2017-04-26 12:15:46', '2017-04-26 12:15:46', '2017-04-26 12:15:46', '370f9e7a-7e20-4996-b675-34f84babb6f9'),
 ('21', NULL, 'm151109_000000_text_url_formats', '2017-04-26 12:15:46', '2017-04-26 12:15:46', '2017-04-26 12:15:46', 'b19ccd88-0e58-48a4-9741-0a5aa120e9a6'),
 ('22', NULL, 'm151110_000000_move_logo', '2017-04-26 12:15:46', '2017-04-26 12:15:46', '2017-04-26 12:15:46', '0dfbddc9-7127-4d38-9f48-9c7c83435074'),
 ('23', NULL, 'm151117_000000_adjust_image_widthheight', '2017-04-26 12:15:46', '2017-04-26 12:15:46', '2017-04-26 12:15:46', 'aefb2c2c-8581-40c8-af5c-df95bc43b343'),
 ('24', NULL, 'm151127_000000_clear_license_key_status', '2017-04-26 12:15:46', '2017-04-26 12:15:46', '2017-04-26 12:15:46', '3759480d-67b3-4a17-9e50-659a9ceff457'),
 ('25', NULL, 'm151127_000000_plugin_license_keys', '2017-04-26 12:15:46', '2017-04-26 12:15:46', '2017-04-26 12:15:46', '9ff2ea2b-5a31-4fee-a127-2655f2a77868'),
 ('26', NULL, 'm151130_000000_update_pt_widget_feeds', '2017-04-26 12:15:46', '2017-04-26 12:15:46', '2017-04-26 12:15:46', '7df0df65-df86-413a-a2a3-74271e5f21d2'),
 ('27', NULL, 'm160114_000000_asset_sources_public_url_default_true', '2017-04-26 12:15:46', '2017-04-26 12:15:46', '2017-04-26 12:15:46', 'bca98a49-dd19-4541-a77e-0062b9274a3e'),
 ('28', NULL, 'm160223_000000_sortorder_to_smallint', '2017-04-26 12:15:46', '2017-04-26 12:15:46', '2017-04-26 12:15:46', 'eedbdffe-dc22-48a8-869f-1373bccb4608'),
 ('29', NULL, 'm160229_000000_set_default_entry_statuses', '2017-04-26 12:15:46', '2017-04-26 12:15:46', '2017-04-26 12:15:46', '95b257e0-3de8-40d1-b319-5e3242be2ca5'),
 ('30', NULL, 'm160304_000000_client_permissions', '2017-04-26 12:15:46', '2017-04-26 12:15:46', '2017-04-26 12:15:46', '058d00f4-00c4-4ced-b8f8-af99f3db34dc'),
 ('31', NULL, 'm160322_000000_asset_filesize', '2017-04-26 12:15:46', '2017-04-26 12:15:46', '2017-04-26 12:15:46', '44cedcfa-0916-49d8-bb06-4146fbcbb49e'),
 ('32', NULL, 'm160503_000000_orphaned_fieldlayouts', '2017-04-26 12:15:46', '2017-04-26 12:15:46', '2017-04-26 12:15:46', '12ff17b6-d0f2-4232-9930-ff965bd1f5b2'),
 ('33', NULL, 'm160510_000000_tasksettings', '2017-04-26 12:15:46', '2017-04-26 12:15:46', '2017-04-26 12:15:46', '0312ce12-164d-42fe-8aaf-480e888e067e'),
 ('34', NULL, 'm160829_000000_pending_user_content_cleanup', '2017-04-26 12:15:46', '2017-04-26 12:15:46', '2017-04-26 12:15:46', 'aa294f27-01a1-469a-8ba2-8a4f611fa3be'),
 ('35', NULL, 'm160830_000000_asset_index_uri_increase', '2017-04-26 12:15:46', '2017-04-26 12:15:46', '2017-04-26 12:15:46', '98332fd6-b879-4d73-8602-7e0809b975a5'),
 ('36', NULL, 'm160919_000000_usergroup_handle_title_unique', '2017-04-26 12:15:46', '2017-04-26 12:15:46', '2017-04-26 12:15:46', 'fda50555-cdf8-4d0d-a8f9-cc49f06bcf2e'),
 ('37', NULL, 'm161108_000000_new_version_format', '2017-04-26 12:15:46', '2017-04-26 12:15:46', '2017-04-26 12:15:46', '9826d78e-cfec-47f2-91be-53971e1ba9b8'),
 ('38', NULL, 'm161109_000000_index_shuffle', '2017-04-26 12:15:46', '2017-04-26 12:15:46', '2017-04-26 12:15:46', '2f28ebf4-259c-4118-a4cb-4aa6f9c45e84'),
 ('39', '2', 'm160208_010101_FruitLinkIt_UpdateExistingLinkItFields', '2017-05-09 12:21:03', '2017-05-09 12:21:03', '2017-05-09 12:21:03', '286b3594-8b12-4171-9f62-8687d18a0f5b');



DROP TABLE IF EXISTS `craft_plugins`;


--
-- Schema for table `craft_plugins`
--
CREATE TABLE `craft_plugins` (
  `id` int(11) NOT NULL AUTO_INCREMENT,
  `class` varchar(150) COLLATE utf8_unicode_ci NOT NULL,
  `version` varchar(15) COLLATE utf8_unicode_ci NOT NULL,
  `schemaVersion` varchar(15) COLLATE utf8_unicode_ci DEFAULT NULL,
  `licenseKey` char(24) COLLATE utf8_unicode_ci DEFAULT NULL,
  `licenseKeyStatus` enum('valid','invalid','mismatched','unknown') COLLATE utf8_unicode_ci NOT NULL DEFAULT 'unknown',
  `enabled` tinyint(1) unsigned NOT NULL DEFAULT '0',
  `settings` text COLLATE utf8_unicode_ci,
  `installDate` datetime NOT NULL,
  `dateCreated` datetime NOT NULL,
  `dateUpdated` datetime NOT NULL,
  `uid` char(36) COLLATE utf8_unicode_ci NOT NULL DEFAULT '0',
  PRIMARY KEY (`id`)
) ENGINE=InnoDB AUTO_INCREMENT=4 DEFAULT CHARSET=utf8 COLLATE=utf8_unicode_ci;

--
-- Data for table `craft_plugins`
--

INSERT INTO `craft_plugins` (`id`, `class`, `version`, `schemaVersion`, `licenseKey`, `licenseKeyStatus`, `enabled`, `settings`, `installDate`, `dateCreated`, `dateUpdated`, `uid`) VALUES
 ('1', 'CheatSheet', '1.2.1', NULL, NULL, 'unknown', '1', '{\"cheatSheetRoute\":\"cheatsheet\",\"cheatSheetWhitespace\":\"\\\\t\",\"cheatSheetUserGroups\":[]}', '2017-05-09 09:23:33', '2017-05-09 09:23:33', '2017-10-08 14:38:43', '2f33b701-5424-45c2-ab32-66a2fc8af60c'),
 ('2', 'FruitLinkIt', '2.3.4', '2.3.0', NULL, 'unknown', '1', NULL, '2017-05-09 12:21:03', '2017-05-09 12:21:03', '2017-10-08 14:38:43', 'd41a582b-2146-40be-9b04-21e732e7154b'),
 ('3', 'ArtVandelay', '2.0.0a', NULL, NULL, 'unknown', '1', NULL, '2017-10-09 07:10:22', '2017-10-09 07:10:22', '2017-10-10 06:27:31', 'b971ff65-a570-4490-9a74-3a8b8e638738');



DROP TABLE IF EXISTS `craft_rackspaceaccess`;


--
-- Schema for table `craft_rackspaceaccess`
--
CREATE TABLE `craft_rackspaceaccess` (
  `id` int(11) NOT NULL AUTO_INCREMENT,
  `connectionKey` varchar(255) COLLATE utf8_unicode_ci NOT NULL,
  `token` varchar(255) COLLATE utf8_unicode_ci NOT NULL,
  `storageUrl` varchar(255) COLLATE utf8_unicode_ci NOT NULL,
  `cdnUrl` varchar(255) COLLATE utf8_unicode_ci NOT NULL,
  `dateCreated` datetime NOT NULL,
  `dateUpdated` datetime NOT NULL,
  `uid` char(36) COLLATE utf8_unicode_ci NOT NULL DEFAULT '0',
  PRIMARY KEY (`id`),
  UNIQUE KEY `craft_rackspaceaccess_connectionKey_unq_idx` (`connectionKey`)
) ENGINE=InnoDB DEFAULT CHARSET=utf8 COLLATE=utf8_unicode_ci;

DROP TABLE IF EXISTS `craft_relations`;


--
-- Schema for table `craft_relations`
--
CREATE TABLE `craft_relations` (
  `id` int(11) NOT NULL AUTO_INCREMENT,
  `fieldId` int(11) NOT NULL,
  `sourceId` int(11) NOT NULL,
  `sourceLocale` char(12) COLLATE utf8_unicode_ci DEFAULT NULL,
  `targetId` int(11) NOT NULL,
  `sortOrder` smallint(6) DEFAULT NULL,
  `dateCreated` datetime NOT NULL,
  `dateUpdated` datetime NOT NULL,
  `uid` char(36) COLLATE utf8_unicode_ci NOT NULL DEFAULT '0',
  PRIMARY KEY (`id`),
  UNIQUE KEY `craft_relations_fieldId_sourceId_sourceLocale_targetId_unq_idx` (`fieldId`,`sourceId`,`sourceLocale`,`targetId`),
  KEY `craft_relations_sourceId_fk` (`sourceId`),
  KEY `craft_relations_sourceLocale_fk` (`sourceLocale`),
  KEY `craft_relations_targetId_fk` (`targetId`)
) ENGINE=InnoDB AUTO_INCREMENT=63 DEFAULT CHARSET=utf8 COLLATE=utf8_unicode_ci;

--
-- Data for table `craft_relations`
--

INSERT INTO `craft_relations` (`id`, `fieldId`, `sourceId`, `sourceLocale`, `targetId`, `sortOrder`, `dateCreated`, `dateUpdated`, `uid`) VALUES
 ('37', '7', '20', NULL, '9', '1', '2017-10-08 14:43:07', '2017-10-08 14:43:07', '6a78dabb-a48d-44f9-9587-99de6fa074c1'),
 ('38', '7', '21', NULL, '8', '1', '2017-10-08 14:43:07', '2017-10-08 14:43:07', '55d8c44c-a1c8-4afa-86bd-e985a461213d'),
 ('54', '4', '26', NULL, '25', '1', '2017-10-09 12:20:11', '2017-10-09 12:20:11', 'e9c46787-c166-4ab5-86ce-0de10cdbc972'),
 ('59', '4', '22', NULL, '8', '1', '2017-10-09 13:52:03', '2017-10-09 13:52:03', '904d7265-93de-41a7-aba6-a27f0b0ab5cc'),
 ('62', '4', '16', NULL, '27', '1', '2017-10-09 13:53:17', '2017-10-09 13:53:17', '7ea86d92-d968-45fd-a583-fdc3ad7768b7');



DROP TABLE IF EXISTS `craft_routes`;


--
-- Schema for table `craft_routes`
--
CREATE TABLE `craft_routes` (
  `id` int(11) NOT NULL AUTO_INCREMENT,
  `locale` char(12) COLLATE utf8_unicode_ci DEFAULT NULL,
  `urlParts` varchar(255) COLLATE utf8_unicode_ci NOT NULL,
  `urlPattern` varchar(255) COLLATE utf8_unicode_ci NOT NULL,
  `template` varchar(255) COLLATE utf8_unicode_ci NOT NULL,
  `sortOrder` smallint(6) unsigned DEFAULT NULL,
  `dateCreated` datetime NOT NULL,
  `dateUpdated` datetime NOT NULL,
  `uid` char(36) COLLATE utf8_unicode_ci NOT NULL DEFAULT '0',
  PRIMARY KEY (`id`),
  UNIQUE KEY `craft_routes_urlPattern_unq_idx` (`urlPattern`),
  KEY `craft_routes_locale_idx` (`locale`)
) ENGINE=InnoDB DEFAULT CHARSET=utf8 COLLATE=utf8_unicode_ci;

DROP TABLE IF EXISTS `craft_searchindex`;


--
-- Schema for table `craft_searchindex`
--
CREATE TABLE `craft_searchindex` (
  `elementId` int(11) NOT NULL,
  `attribute` varchar(25) COLLATE utf8_unicode_ci NOT NULL,
  `fieldId` int(11) NOT NULL,
  `locale` char(12) COLLATE utf8_unicode_ci NOT NULL,
  `keywords` text COLLATE utf8_unicode_ci NOT NULL,
  PRIMARY KEY (`elementId`,`attribute`,`fieldId`,`locale`),
  FULLTEXT KEY `craft_searchindex_keywords_idx` (`keywords`)
) ENGINE=MyISAM DEFAULT CHARSET=utf8 COLLATE=utf8_unicode_ci;

--
-- Data for table `craft_searchindex`
--

INSERT INTO `craft_searchindex` (`elementId`, `attribute`, `fieldId`, `locale`, `keywords`) VALUES
 ('1', 'username', '0', 'de', ' manni '),
 ('1', 'firstname', '0', 'de', ''),
 ('1', 'lastname', '0', 'de', ''),
 ('1', 'fullname', '0', 'de', ''),
 ('1', 'email', '0', 'de', ' manni manfredraggl com '),
 ('1', 'slug', '0', 'de', ''),
 ('2', 'slug', '0', 'de', ' homepage '),
 ('2', 'title', '0', 'de', ' welcome to annastanger dev '),
 ('2', 'field', '1', 'de', ' it s true this site doesn t have a whole lot of content yet but don t worry our web developers have just installed the cms and they re setting things up for the content editors this very moment soon annastanger dev will be an oasis of fresh perspectives sharp analyses and astute opinions that will keep you coming back again and again '),
 ('24', 'field', '4', 'de', ''),
 ('24', 'field', '1', 'de', ' contact page '),
 ('23', 'field', '4', 'de', ''),
 ('23', 'field', '1', 'de', ' about page '),
 ('25', 'filename', '0', 'de', ' mpv shot0002 jpg '),
 ('25', 'extension', '0', 'de', ' jpg '),
 ('25', 'kind', '0', 'de', ' image '),
 ('25', 'slug', '0', 'de', ' mpv shot0002 '),
 ('25', 'title', '0', 'de', ' mpv shot0002 '),
 ('26', 'field', '4', 'de', ' mpv shot0002 '),
 ('24', 'title', '0', 'de', ' contact '),
 ('23', 'slug', '0', 'de', ' about '),
 ('23', 'title', '0', 'de', ' about '),
 ('24', 'slug', '0', 'de', ' contact '),
 ('8', 'slug', '0', 'de', ' thumb '),
 ('8', 'extension', '0', 'de', ' jpg '),
 ('8', 'kind', '0', 'de', ' image '),
 ('8', 'filename', '0', 'de', ' thumb jpg '),
 ('2', 'field', '3', 'de', ' anna stanger '),
 ('7', 'field', '3', 'de', ''),
 ('7', 'field', '1', 'de', ''),
 ('7', 'filename', '0', 'de', ' vonanna_postkarte1175 jpg '),
 ('7', 'extension', '0', 'de', ' jpg '),
 ('7', 'kind', '0', 'de', ' image '),
 ('7', 'slug', '0', 'de', ' von anna postkarte1175 '),
 ('7', 'title', '0', 'de', ' anna stanger '),
 ('8', 'title', '0', 'de', ' thumb '),
 ('9', 'filename', '0', 'de', ' screen shot 2017 02 27 at 10 12 31 png '),
 ('9', 'extension', '0', 'de', ' png '),
 ('9', 'kind', '0', 'de', ' image '),
 ('9', 'slug', '0', 'de', ' screen shot 2017 02 27 at 10 12 31 '),
 ('9', 'title', '0', 'de', ' screen shot 2017 02 27 at 10 12 31 '),
 ('10', 'filename', '0', 'de', ' medium_derfallmeusault_mk_pressebild_judithbuss_mg2_8349 jpg '),
 ('10', 'extension', '0', 'de', ' jpg '),
 ('10', 'kind', '0', 'de', ' image '),
 ('10', 'slug', '0', 'de', ' medium der fall meusault mk pressebild judith buss mg2 8349 '),
 ('10', 'title', '0', 'de', ' medium der fall meusault mk pressebild judith buss mg2 8349 '),
 ('27', 'extension', '0', 'de', ' png '),
 ('27', 'kind', '0', 'de', ' image '),
 ('26', 'slug', '0', 'de', ' drittes bild '),
 ('26', 'field', '1', 'de', ''),
 ('12', 'filename', '0', 'de', ' screen shot 2017 05 06 at 10 11 16 png '),
 ('12', 'extension', '0', 'de', ' png '),
 ('12', 'kind', '0', 'de', ' image '),
 ('12', 'slug', '0', 'de', ' screen shot 2017 05 06 at 10 11 16 '),
 ('12', 'title', '0', 'de', ' screen shot 2017 05 06 at 10 11 16 '),
 ('13', 'filename', '0', 'de', ' mpv shot0004 jpg '),
 ('13', 'extension', '0', 'de', ' jpg '),
 ('13', 'kind', '0', 'de', ' image '),
 ('13', 'slug', '0', 'de', ' mpv shot0004 '),
 ('13', 'title', '0', 'de', ' mpv shot0004 '),
 ('26', 'title', '0', 'de', ' drittes bild '),
 ('14', 'filename', '0', 'de', ' screen shot 2016 12 25 at 13 41 12 png '),
 ('14', 'extension', '0', 'de', ' png '),
 ('14', 'kind', '0', 'de', ' image '),
 ('14', 'slug', '0', 'de', ' screen shot 2016 12 25 at 13 41 12 '),
 ('14', 'title', '0', 'de', ' screen shot 2016 12 25 at 13 41 12 '),
 ('15', 'filename', '0', 'de', ' screen shot 2017 02 17 at 22 26 15 png '),
 ('15', 'extension', '0', 'de', ' png '),
 ('15', 'kind', '0', 'de', ' image '),
 ('15', 'slug', '0', 'de', ' screen shot 2017 02 17 at 22 26 15 '),
 ('15', 'title', '0', 'de', ' screen shot 2017 02 17 at 22 26 15 '),
 ('16', 'field', '4', 'de', ' screen shot 2017 07 24 at 19 27 54 '),
 ('27', 'filename', '0', 'de', ' screen shot 2017 07 24 at 19 27 54 png '),
 ('18', 'filename', '0', 'de', ' mpv shot0003 jpg '),
 ('16', 'field', '1', 'de', ' lorem ipsum dolor sit amet consetetur sadipscing elitr sed diam nonumy eirmod tempor invidunt ut labore et dolore magna aliquyam erat sed diam voluptua at vero eos et accusam et justo duo dolores et ea rebum stet clita kasd gubergren no sea takimata sanctus est lorem ipsum dolor sit amet lorem ipsum dolor sit amet consetetur sadipscing elitr sed diam nonumy eirmod tempor invidunt ut labore et dolore magna aliquyam erat sed diam voluptua at vero eos et accusam et justo duo dolores et ea rebum stet clita kasd gubergren no sea takimata sanctus est lorem ipsum dolor sit amet '),
 ('16', 'slug', '0', 'de', ' ein erstes bild '),
 ('16', 'title', '0', 'de', ' ein erstes bild '),
 ('17', 'filename', '0', 'de', ' screen shot 2017 02 17 at 22 32 46 png '),
 ('17', 'extension', '0', 'de', ' png '),
 ('17', 'kind', '0', 'de', ' image '),
 ('17', 'slug', '0', 'de', ' screen shot 2017 02 17 at 22 32 46 '),
 ('17', 'title', '0', 'de', ' screen shot 2017 02 17 at 22 32 46 '),
 ('18', 'extension', '0', 'de', ' jpg '),
 ('18', 'kind', '0', 'de', ' image '),
 ('18', 'slug', '0', 'de', ' mpv shot0003 '),
 ('18', 'title', '0', 'de', ' mpv shot0003 '),
 ('19', 'filename', '0', 'de', ' mpv shot0001 jpg '),
 ('19', 'extension', '0', 'de', ' jpg '),
 ('19', 'kind', '0', 'de', ' image '),
 ('19', 'slug', '0', 'de', ' mpv shot0001 '),
 ('19', 'title', '0', 'de', ' mpv shot0001 '),
 ('16', 'field', '5', 'de', ' screen shot 2017 02 27 at 10 12 31 matrix textfeld beschreibung thumb zweite matrix beschreibung '),
 ('20', 'field', '6', 'de', ' matrix textfeld beschreibung '),
 ('20', 'field', '7', 'de', ' screen shot 2017 02 27 at 10 12 31 '),
 ('20', 'slug', '0', 'de', ''),
 ('21', 'field', '6', 'de', ' zweite matrix beschreibung '),
 ('21', 'field', '7', 'de', ' thumb '),
 ('21', 'slug', '0', 'de', ''),
 ('22', 'field', '4', 'de', ' thumb '),
 ('22', 'field', '1', 'de', ' lorem ipsum fuer designer schriftsetzer layouter grafikenthusiasten und alle anderen ein projekt startet und doch es gibt noch keinen text allerdings sollte das layout schon bald praesentiert werden was tun damit das projekt gleich starten kann benutze einfach etwas lorem ipsum blind fuell dummy nachahmungs platzhaltertext generiere einfach soviel lorem ipsum text wie du brauchst kopiere und fuege ihn in dein layout als voruebergehenden platzhalter ein somit sieht das projekt ein stueckchen vollstaendiger aus als zuvor viel spass dabei ');
INSERT INTO `craft_searchindex` (`elementId`, `attribute`, `fieldId`, `locale`, `keywords`) VALUES
 ('22', 'slug', '0', 'de', ' ein zweites bild '),
 ('22', 'title', '0', 'de', ' ein zweites bild '),
 ('27', 'slug', '0', 'de', ' screen shot 2017 07 24 at 19 27 54 '),
 ('27', 'title', '0', 'de', ' screen shot 2017 07 24 at 19 27 54 ');



DROP TABLE IF EXISTS `craft_sections`;


--
-- Schema for table `craft_sections`
--
CREATE TABLE `craft_sections` (
  `id` int(11) NOT NULL AUTO_INCREMENT,
  `structureId` int(11) DEFAULT NULL,
  `name` varchar(255) COLLATE utf8_unicode_ci NOT NULL,
  `handle` varchar(255) COLLATE utf8_unicode_ci NOT NULL,
  `type` enum('single','channel','structure') COLLATE utf8_unicode_ci NOT NULL DEFAULT 'channel',
  `hasUrls` tinyint(1) unsigned NOT NULL DEFAULT '1',
  `template` varchar(500) COLLATE utf8_unicode_ci DEFAULT NULL,
  `enableVersioning` tinyint(1) unsigned NOT NULL DEFAULT '0',
  `dateCreated` datetime NOT NULL,
  `dateUpdated` datetime NOT NULL,
  `uid` char(36) COLLATE utf8_unicode_ci NOT NULL DEFAULT '0',
  PRIMARY KEY (`id`),
  UNIQUE KEY `craft_sections_name_unq_idx` (`name`),
  UNIQUE KEY `craft_sections_handle_unq_idx` (`handle`),
  KEY `craft_sections_structureId_fk` (`structureId`)
) ENGINE=InnoDB AUTO_INCREMENT=7 DEFAULT CHARSET=utf8 COLLATE=utf8_unicode_ci;

--
-- Data for table `craft_sections`
--

INSERT INTO `craft_sections` (`id`, `structureId`, `name`, `handle`, `type`, `hasUrls`, `template`, `enableVersioning`, `dateCreated`, `dateUpdated`, `uid`) VALUES
 ('1', NULL, 'Homepage', 'homepage', 'single', '1', 'index', '1', '2017-04-26 12:15:48', '2017-04-26 12:15:48', 'fb5d4b23-b005-49e7-b962-4e3762da3cda'),
 ('4', '1', 'Work', 'work', 'structure', '1', 'work/_entry.html', '1', '2017-05-08 14:55:51', '2017-10-09 15:41:47', '048dd03f-1860-493a-bdd9-d7156330dd78'),
 ('5', NULL, 'About', 'about', 'single', '1', 'about', '1', '2017-10-09 05:31:47', '2017-10-09 10:51:46', '589ea684-37fb-43b7-9815-1448673ae3e1'),
 ('6', NULL, 'Contact', 'contact', 'single', '1', 'contact', '1', '2017-10-09 05:32:05', '2017-10-09 10:51:54', 'ee280609-66bd-4a3b-9aad-9d16c4e8f36a');



DROP TABLE IF EXISTS `craft_sections_i18n`;


--
-- Schema for table `craft_sections_i18n`
--
CREATE TABLE `craft_sections_i18n` (
  `id` int(11) NOT NULL AUTO_INCREMENT,
  `sectionId` int(11) NOT NULL,
  `locale` char(12) COLLATE utf8_unicode_ci NOT NULL,
  `enabledByDefault` tinyint(1) unsigned NOT NULL DEFAULT '1',
  `urlFormat` text COLLATE utf8_unicode_ci,
  `nestedUrlFormat` text COLLATE utf8_unicode_ci,
  `dateCreated` datetime NOT NULL,
  `dateUpdated` datetime NOT NULL,
  `uid` char(36) COLLATE utf8_unicode_ci NOT NULL DEFAULT '0',
  PRIMARY KEY (`id`),
  UNIQUE KEY `craft_sections_i18n_sectionId_locale_unq_idx` (`sectionId`,`locale`),
  KEY `craft_sections_i18n_locale_fk` (`locale`)
) ENGINE=InnoDB AUTO_INCREMENT=7 DEFAULT CHARSET=utf8 COLLATE=utf8_unicode_ci;

--
-- Data for table `craft_sections_i18n`
--

INSERT INTO `craft_sections_i18n` (`id`, `sectionId`, `locale`, `enabledByDefault`, `urlFormat`, `nestedUrlFormat`, `dateCreated`, `dateUpdated`, `uid`) VALUES
 ('1', '1', 'de', '1', '__home__', NULL, '2017-04-26 12:15:48', '2017-04-26 12:15:48', 'db50863e-fbcf-466a-ad0d-8fc368b9bdae'),
 ('4', '4', 'de', '1', 'work/{slug}', '{parent.uri}/{slug}', '2017-05-08 14:55:51', '2017-10-09 15:41:47', '087f3474-4760-4564-bbd7-8f765e6a45d9'),
 ('5', '5', 'de', '1', 'about', NULL, '2017-10-09 05:31:47', '2017-10-09 05:31:47', '93ef7490-de7a-43c9-ae55-9d2deb367f3b'),
 ('6', '6', 'de', '1', 'contact', NULL, '2017-10-09 05:32:05', '2017-10-09 05:36:03', 'a1858a8b-3b83-44a6-af16-94f94671611c');



DROP TABLE IF EXISTS `craft_sessions`;


--
-- Schema for table `craft_sessions`
--
CREATE TABLE `craft_sessions` (
  `id` int(11) NOT NULL AUTO_INCREMENT,
  `userId` int(11) NOT NULL,
  `token` char(100) COLLATE utf8_unicode_ci NOT NULL,
  `dateCreated` datetime NOT NULL,
  `dateUpdated` datetime NOT NULL,
  `uid` char(36) COLLATE utf8_unicode_ci NOT NULL DEFAULT '0',
  PRIMARY KEY (`id`),
  KEY `craft_sessions_uid_idx` (`uid`),
  KEY `craft_sessions_token_idx` (`token`),
  KEY `craft_sessions_dateUpdated_idx` (`dateUpdated`),
  KEY `craft_sessions_userId_fk` (`userId`)
) ENGINE=InnoDB AUTO_INCREMENT=18 DEFAULT CHARSET=utf8 COLLATE=utf8_unicode_ci;

DROP TABLE IF EXISTS `craft_shunnedmessages`;


--
-- Schema for table `craft_shunnedmessages`
--
CREATE TABLE `craft_shunnedmessages` (
  `id` int(11) NOT NULL AUTO_INCREMENT,
  `userId` int(11) NOT NULL,
  `message` varchar(255) COLLATE utf8_unicode_ci NOT NULL,
  `expiryDate` datetime DEFAULT NULL,
  `dateCreated` datetime NOT NULL,
  `dateUpdated` datetime NOT NULL,
  `uid` char(36) COLLATE utf8_unicode_ci NOT NULL DEFAULT '0',
  PRIMARY KEY (`id`),
  UNIQUE KEY `craft_shunnedmessages_userId_message_unq_idx` (`userId`,`message`)
) ENGINE=InnoDB DEFAULT CHARSET=utf8 COLLATE=utf8_unicode_ci;

DROP TABLE IF EXISTS `craft_structureelements`;


--
-- Schema for table `craft_structureelements`
--
CREATE TABLE `craft_structureelements` (
  `id` int(11) NOT NULL AUTO_INCREMENT,
  `structureId` int(11) NOT NULL,
  `elementId` int(11) DEFAULT NULL,
  `root` int(11) unsigned DEFAULT NULL,
  `lft` int(11) unsigned NOT NULL,
  `rgt` int(11) unsigned NOT NULL,
  `level` smallint(6) unsigned NOT NULL,
  `dateCreated` datetime NOT NULL,
  `dateUpdated` datetime NOT NULL,
  `uid` char(36) COLLATE utf8_unicode_ci NOT NULL DEFAULT '0',
  PRIMARY KEY (`id`),
  UNIQUE KEY `craft_structureelements_structureId_elementId_unq_idx` (`structureId`,`elementId`),
  KEY `craft_structureelements_root_idx` (`root`),
  KEY `craft_structureelements_lft_idx` (`lft`),
  KEY `craft_structureelements_rgt_idx` (`rgt`),
  KEY `craft_structureelements_level_idx` (`level`),
  KEY `craft_structureelements_elementId_fk` (`elementId`)
) ENGINE=InnoDB AUTO_INCREMENT=5 DEFAULT CHARSET=utf8 COLLATE=utf8_unicode_ci;

--
-- Data for table `craft_structureelements`
--

INSERT INTO `craft_structureelements` (`id`, `structureId`, `elementId`, `root`, `lft`, `rgt`, `level`, `dateCreated`, `dateUpdated`, `uid`) VALUES
 ('1', '1', NULL, '1', '1', '8', '0', '2017-10-09 15:41:47', '2017-10-09 15:41:47', '3fdbe2db-32df-4973-9c80-8eb9ea51a824'),
 ('2', '1', '16', '1', '2', '3', '1', '2017-10-09 15:41:47', '2017-10-09 15:41:47', '461b5d48-52b4-429b-a6d2-b8a266f14dc1'),
 ('3', '1', '22', '1', '6', '7', '1', '2017-10-09 15:41:47', '2017-10-09 15:41:47', 'a9e7000a-61ca-4bfd-819c-69c95e3b0f27'),
 ('4', '1', '26', '1', '4', '5', '1', '2017-10-09 15:41:47', '2017-10-09 15:41:47', '43bc84ad-44c4-4cea-a273-575d145893bc');



DROP TABLE IF EXISTS `craft_structures`;


--
-- Schema for table `craft_structures`
--
CREATE TABLE `craft_structures` (
  `id` int(11) NOT NULL AUTO_INCREMENT,
  `maxLevels` smallint(6) unsigned DEFAULT NULL,
  `dateCreated` datetime NOT NULL,
  `dateUpdated` datetime NOT NULL,
  `uid` char(36) COLLATE utf8_unicode_ci NOT NULL DEFAULT '0',
  PRIMARY KEY (`id`)
) ENGINE=InnoDB AUTO_INCREMENT=2 DEFAULT CHARSET=utf8 COLLATE=utf8_unicode_ci;

--
-- Data for table `craft_structures`
--

INSERT INTO `craft_structures` (`id`, `maxLevels`, `dateCreated`, `dateUpdated`, `uid`) VALUES
 ('1', NULL, '2017-10-09 15:41:47', '2017-10-09 15:41:47', '9bf1d3d1-3699-4fd6-8041-7719e966e692');



DROP TABLE IF EXISTS `craft_systemsettings`;


--
-- Schema for table `craft_systemsettings`
--
CREATE TABLE `craft_systemsettings` (
  `id` int(11) NOT NULL AUTO_INCREMENT,
  `category` varchar(15) COLLATE utf8_unicode_ci NOT NULL,
  `settings` text COLLATE utf8_unicode_ci,
  `dateCreated` datetime NOT NULL,
  `dateUpdated` datetime NOT NULL,
  `uid` char(36) COLLATE utf8_unicode_ci NOT NULL DEFAULT '0',
  PRIMARY KEY (`id`),
  UNIQUE KEY `craft_systemsettings_category_unq_idx` (`category`)
) ENGINE=InnoDB AUTO_INCREMENT=2 DEFAULT CHARSET=utf8 COLLATE=utf8_unicode_ci;

--
-- Data for table `craft_systemsettings`
--

INSERT INTO `craft_systemsettings` (`id`, `category`, `settings`, `dateCreated`, `dateUpdated`, `uid`) VALUES
 ('1', 'email', '{\"protocol\":\"php\",\"emailAddress\":\"manni@manfredraggl.com\",\"senderName\":\"Anna Stanger\"}', '2017-04-26 12:15:48', '2017-04-26 12:15:48', 'df1eb4ed-7e63-465a-9380-d9aabc9ef1bc');



DROP TABLE IF EXISTS `craft_taggroups`;


--
-- Schema for table `craft_taggroups`
--
CREATE TABLE `craft_taggroups` (
  `id` int(11) NOT NULL AUTO_INCREMENT,
  `name` varchar(255) COLLATE utf8_unicode_ci NOT NULL,
  `handle` varchar(255) COLLATE utf8_unicode_ci NOT NULL,
  `fieldLayoutId` int(10) DEFAULT NULL,
  `dateCreated` datetime NOT NULL,
  `dateUpdated` datetime NOT NULL,
  `uid` char(36) COLLATE utf8_unicode_ci NOT NULL DEFAULT '0',
  PRIMARY KEY (`id`),
  UNIQUE KEY `craft_taggroups_name_unq_idx` (`name`),
  UNIQUE KEY `craft_taggroups_handle_unq_idx` (`handle`),
  KEY `craft_taggroups_fieldLayoutId_fk` (`fieldLayoutId`)
) ENGINE=InnoDB AUTO_INCREMENT=2 DEFAULT CHARSET=utf8 COLLATE=utf8_unicode_ci;

--
-- Data for table `craft_taggroups`
--

INSERT INTO `craft_taggroups` (`id`, `name`, `handle`, `fieldLayoutId`, `dateCreated`, `dateUpdated`, `uid`) VALUES
 ('1', 'Default', 'default', '1', '2017-04-26 12:15:48', '2017-04-26 12:15:48', '75c3170b-eb48-48d4-86a6-b978323ce567');



DROP TABLE IF EXISTS `craft_tags`;


--
-- Schema for table `craft_tags`
--
CREATE TABLE `craft_tags` (
  `id` int(11) NOT NULL,
  `groupId` int(11) NOT NULL,
  `dateCreated` datetime NOT NULL,
  `dateUpdated` datetime NOT NULL,
  `uid` char(36) COLLATE utf8_unicode_ci NOT NULL DEFAULT '0',
  PRIMARY KEY (`id`),
  KEY `craft_tags_groupId_fk` (`groupId`)
) ENGINE=InnoDB DEFAULT CHARSET=utf8 COLLATE=utf8_unicode_ci;

DROP TABLE IF EXISTS `craft_tasks`;


--
-- Schema for table `craft_tasks`
--
CREATE TABLE `craft_tasks` (
  `id` int(11) NOT NULL AUTO_INCREMENT,
  `root` int(11) unsigned DEFAULT NULL,
  `lft` int(11) unsigned NOT NULL,
  `rgt` int(11) unsigned NOT NULL,
  `level` smallint(6) unsigned NOT NULL,
  `currentStep` int(11) unsigned DEFAULT NULL,
  `totalSteps` int(11) unsigned DEFAULT NULL,
  `status` enum('pending','error','running') COLLATE utf8_unicode_ci DEFAULT NULL,
  `type` varchar(150) COLLATE utf8_unicode_ci NOT NULL,
  `description` varchar(255) COLLATE utf8_unicode_ci DEFAULT NULL,
  `settings` mediumtext COLLATE utf8_unicode_ci,
  `dateCreated` datetime NOT NULL,
  `dateUpdated` datetime NOT NULL,
  `uid` char(36) COLLATE utf8_unicode_ci NOT NULL DEFAULT '0',
  PRIMARY KEY (`id`),
  KEY `craft_tasks_root_idx` (`root`),
  KEY `craft_tasks_lft_idx` (`lft`),
  KEY `craft_tasks_rgt_idx` (`rgt`),
  KEY `craft_tasks_level_idx` (`level`)
) ENGINE=InnoDB AUTO_INCREMENT=18 DEFAULT CHARSET=utf8 COLLATE=utf8_unicode_ci;

DROP TABLE IF EXISTS `craft_templatecachecriteria`;


--
-- Schema for table `craft_templatecachecriteria`
--
CREATE TABLE `craft_templatecachecriteria` (
  `id` int(11) NOT NULL AUTO_INCREMENT,
  `cacheId` int(11) NOT NULL,
  `type` varchar(150) COLLATE utf8_unicode_ci NOT NULL,
  `criteria` text COLLATE utf8_unicode_ci NOT NULL,
  PRIMARY KEY (`id`),
  KEY `craft_templatecachecriteria_cacheId_fk` (`cacheId`),
  KEY `craft_templatecachecriteria_type_idx` (`type`)
) ENGINE=InnoDB DEFAULT CHARSET=utf8 COLLATE=utf8_unicode_ci;

DROP TABLE IF EXISTS `craft_templatecacheelements`;


--
-- Schema for table `craft_templatecacheelements`
--
CREATE TABLE `craft_templatecacheelements` (
  `cacheId` int(11) NOT NULL,
  `elementId` int(11) NOT NULL,
  KEY `craft_templatecacheelements_cacheId_fk` (`cacheId`),
  KEY `craft_templatecacheelements_elementId_fk` (`elementId`)
) ENGINE=InnoDB DEFAULT CHARSET=utf8 COLLATE=utf8_unicode_ci;

DROP TABLE IF EXISTS `craft_templatecaches`;


--
-- Schema for table `craft_templatecaches`
--
CREATE TABLE `craft_templatecaches` (
  `id` int(11) NOT NULL AUTO_INCREMENT,
  `cacheKey` varchar(255) COLLATE utf8_unicode_ci NOT NULL,
  `locale` char(12) COLLATE utf8_unicode_ci NOT NULL,
  `path` varchar(255) COLLATE utf8_unicode_ci DEFAULT NULL,
  `expiryDate` datetime NOT NULL,
  `body` mediumtext COLLATE utf8_unicode_ci NOT NULL,
  PRIMARY KEY (`id`),
  KEY `craft_templatecaches_expiryDate_cacheKey_locale_path_idx` (`expiryDate`,`cacheKey`,`locale`,`path`),
  KEY `craft_templatecaches_locale_fk` (`locale`)
) ENGINE=InnoDB DEFAULT CHARSET=utf8 COLLATE=utf8_unicode_ci;

DROP TABLE IF EXISTS `craft_tokens`;


--
-- Schema for table `craft_tokens`
--
CREATE TABLE `craft_tokens` (
  `id` int(11) NOT NULL AUTO_INCREMENT,
  `token` char(32) COLLATE utf8_unicode_ci NOT NULL,
  `route` text COLLATE utf8_unicode_ci,
  `usageLimit` tinyint(3) unsigned DEFAULT NULL,
  `usageCount` tinyint(3) unsigned DEFAULT NULL,
  `expiryDate` datetime NOT NULL,
  `dateCreated` datetime NOT NULL,
  `dateUpdated` datetime NOT NULL,
  `uid` char(36) COLLATE utf8_unicode_ci NOT NULL DEFAULT '0',
  PRIMARY KEY (`id`),
  UNIQUE KEY `craft_tokens_token_unq_idx` (`token`),
  KEY `craft_tokens_expiryDate_idx` (`expiryDate`)
) ENGINE=InnoDB DEFAULT CHARSET=utf8 COLLATE=utf8_unicode_ci;

DROP TABLE IF EXISTS `craft_usergroups`;


--
-- Schema for table `craft_usergroups`
--
CREATE TABLE `craft_usergroups` (
  `id` int(11) NOT NULL AUTO_INCREMENT,
  `name` varchar(255) COLLATE utf8_unicode_ci NOT NULL,
  `handle` varchar(255) COLLATE utf8_unicode_ci NOT NULL,
  `dateCreated` datetime NOT NULL,
  `dateUpdated` datetime NOT NULL,
  `uid` char(36) COLLATE utf8_unicode_ci NOT NULL DEFAULT '0',
  PRIMARY KEY (`id`),
  UNIQUE KEY `craft_usergroups_name_unq_idx` (`name`),
  UNIQUE KEY `craft_usergroups_handle_unq_idx` (`handle`)
) ENGINE=InnoDB DEFAULT CHARSET=utf8 COLLATE=utf8_unicode_ci;

DROP TABLE IF EXISTS `craft_usergroups_users`;


--
-- Schema for table `craft_usergroups_users`
--
CREATE TABLE `craft_usergroups_users` (
  `id` int(11) NOT NULL AUTO_INCREMENT,
  `groupId` int(11) NOT NULL,
  `userId` int(11) NOT NULL,
  `dateCreated` datetime NOT NULL,
  `dateUpdated` datetime NOT NULL,
  `uid` char(36) COLLATE utf8_unicode_ci NOT NULL DEFAULT '0',
  PRIMARY KEY (`id`),
  UNIQUE KEY `craft_usergroups_users_groupId_userId_unq_idx` (`groupId`,`userId`),
  KEY `craft_usergroups_users_userId_fk` (`userId`)
) ENGINE=InnoDB DEFAULT CHARSET=utf8 COLLATE=utf8_unicode_ci;

DROP TABLE IF EXISTS `craft_userpermissions`;


--
-- Schema for table `craft_userpermissions`
--
CREATE TABLE `craft_userpermissions` (
  `id` int(11) NOT NULL AUTO_INCREMENT,
  `name` varchar(255) COLLATE utf8_unicode_ci NOT NULL,
  `dateCreated` datetime NOT NULL,
  `dateUpdated` datetime NOT NULL,
  `uid` char(36) COLLATE utf8_unicode_ci NOT NULL DEFAULT '0',
  PRIMARY KEY (`id`),
  UNIQUE KEY `craft_userpermissions_name_unq_idx` (`name`)
) ENGINE=InnoDB DEFAULT CHARSET=utf8 COLLATE=utf8_unicode_ci;

DROP TABLE IF EXISTS `craft_userpermissions_usergroups`;


--
-- Schema for table `craft_userpermissions_usergroups`
--
CREATE TABLE `craft_userpermissions_usergroups` (
  `id` int(11) NOT NULL AUTO_INCREMENT,
  `permissionId` int(11) NOT NULL,
  `groupId` int(11) NOT NULL,
  `dateCreated` datetime NOT NULL,
  `dateUpdated` datetime NOT NULL,
  `uid` char(36) COLLATE utf8_unicode_ci NOT NULL DEFAULT '0',
  PRIMARY KEY (`id`),
  UNIQUE KEY `craft_userpermissions_usergroups_permissionId_groupId_unq_idx` (`permissionId`,`groupId`),
  KEY `craft_userpermissions_usergroups_groupId_fk` (`groupId`)
) ENGINE=InnoDB DEFAULT CHARSET=utf8 COLLATE=utf8_unicode_ci;

DROP TABLE IF EXISTS `craft_userpermissions_users`;


--
-- Schema for table `craft_userpermissions_users`
--
CREATE TABLE `craft_userpermissions_users` (
  `id` int(11) NOT NULL AUTO_INCREMENT,
  `permissionId` int(11) NOT NULL,
  `userId` int(11) NOT NULL,
  `dateCreated` datetime NOT NULL,
  `dateUpdated` datetime NOT NULL,
  `uid` char(36) COLLATE utf8_unicode_ci NOT NULL DEFAULT '0',
  PRIMARY KEY (`id`),
  UNIQUE KEY `craft_userpermissions_users_permissionId_userId_unq_idx` (`permissionId`,`userId`),
  KEY `craft_userpermissions_users_userId_fk` (`userId`)
) ENGINE=InnoDB DEFAULT CHARSET=utf8 COLLATE=utf8_unicode_ci;

DROP TABLE IF EXISTS `craft_users`;


--
-- Schema for table `craft_users`
--
CREATE TABLE `craft_users` (
  `id` int(11) NOT NULL,
  `username` varchar(100) COLLATE utf8_unicode_ci NOT NULL,
  `photo` varchar(100) COLLATE utf8_unicode_ci DEFAULT NULL,
  `firstName` varchar(100) COLLATE utf8_unicode_ci DEFAULT NULL,
  `lastName` varchar(100) COLLATE utf8_unicode_ci DEFAULT NULL,
  `email` varchar(255) COLLATE utf8_unicode_ci NOT NULL,
  `password` char(255) COLLATE utf8_unicode_ci DEFAULT NULL,
  `preferredLocale` char(12) COLLATE utf8_unicode_ci DEFAULT NULL,
  `weekStartDay` tinyint(1) unsigned NOT NULL DEFAULT '0',
  `admin` tinyint(1) unsigned NOT NULL DEFAULT '0',
  `client` tinyint(1) unsigned NOT NULL DEFAULT '0',
  `locked` tinyint(1) unsigned NOT NULL DEFAULT '0',
  `suspended` tinyint(1) unsigned NOT NULL DEFAULT '0',
  `pending` tinyint(1) unsigned NOT NULL DEFAULT '0',
  `archived` tinyint(1) unsigned NOT NULL DEFAULT '0',
  `lastLoginDate` datetime DEFAULT NULL,
  `lastLoginAttemptIPAddress` varchar(45) COLLATE utf8_unicode_ci DEFAULT NULL,
  `invalidLoginWindowStart` datetime DEFAULT NULL,
  `invalidLoginCount` tinyint(4) unsigned DEFAULT NULL,
  `lastInvalidLoginDate` datetime DEFAULT NULL,
  `lockoutDate` datetime DEFAULT NULL,
  `verificationCode` char(100) COLLATE utf8_unicode_ci DEFAULT NULL,
  `verificationCodeIssuedDate` datetime DEFAULT NULL,
  `unverifiedEmail` varchar(255) COLLATE utf8_unicode_ci DEFAULT NULL,
  `passwordResetRequired` tinyint(1) unsigned NOT NULL DEFAULT '0',
  `lastPasswordChangeDate` datetime DEFAULT NULL,
  `dateCreated` datetime NOT NULL,
  `dateUpdated` datetime NOT NULL,
  `uid` char(36) COLLATE utf8_unicode_ci NOT NULL DEFAULT '0',
  PRIMARY KEY (`id`),
  UNIQUE KEY `craft_users_username_unq_idx` (`username`),
  UNIQUE KEY `craft_users_email_unq_idx` (`email`),
  KEY `craft_users_verificationCode_idx` (`verificationCode`),
  KEY `craft_users_uid_idx` (`uid`),
  KEY `craft_users_preferredLocale_fk` (`preferredLocale`)
) ENGINE=InnoDB DEFAULT CHARSET=utf8 COLLATE=utf8_unicode_ci;

--
-- Data for table `craft_users`
--

INSERT INTO `craft_users` (`id`, `username`, `photo`, `firstName`, `lastName`, `email`, `password`, `preferredLocale`, `weekStartDay`, `admin`, `client`, `locked`, `suspended`, `pending`, `archived`, `lastLoginDate`, `lastLoginAttemptIPAddress`, `invalidLoginWindowStart`, `invalidLoginCount`, `lastInvalidLoginDate`, `lockoutDate`, `verificationCode`, `verificationCodeIssuedDate`, `unverifiedEmail`, `passwordResetRequired`, `lastPasswordChangeDate`, `dateCreated`, `dateUpdated`, `uid`) VALUES
 ('1', 'manni', NULL, NULL, NULL, 'manni@manfredraggl.com', '$2y$13$YYX5AWhWCkbjS3F0E5..OuVex.gz/m5jaXpsCrPjdXS2dpW7dzJcC', NULL, '1', '1', '0', '0', '0', '0', '0', '2017-10-10 06:23:31', '127.0.0.1', NULL, NULL, NULL, NULL, NULL, NULL, NULL, '0', '2017-04-26 12:15:47', '2017-04-26 12:15:47', '2017-10-10 06:23:31', '24952e7c-b3ec-4aa8-976a-20ef490e6ad1');



DROP TABLE IF EXISTS `craft_widgets`;


--
-- Schema for table `craft_widgets`
--
CREATE TABLE `craft_widgets` (
  `id` int(11) NOT NULL AUTO_INCREMENT,
  `userId` int(11) NOT NULL,
  `type` varchar(150) COLLATE utf8_unicode_ci NOT NULL,
  `sortOrder` smallint(6) unsigned DEFAULT NULL,
  `colspan` tinyint(4) unsigned DEFAULT NULL,
  `settings` text COLLATE utf8_unicode_ci,
  `enabled` tinyint(1) unsigned NOT NULL DEFAULT '1',
  `dateCreated` datetime NOT NULL,
  `dateUpdated` datetime NOT NULL,
  `uid` char(36) COLLATE utf8_unicode_ci NOT NULL DEFAULT '0',
  PRIMARY KEY (`id`),
  KEY `craft_widgets_userId_fk` (`userId`)
) ENGINE=InnoDB AUTO_INCREMENT=5 DEFAULT CHARSET=utf8 COLLATE=utf8_unicode_ci;

--
-- Data for table `craft_widgets`
--

INSERT INTO `craft_widgets` (`id`, `userId`, `type`, `sortOrder`, `colspan`, `settings`, `enabled`, `dateCreated`, `dateUpdated`, `uid`) VALUES
 ('1', '1', 'RecentEntries', '1', NULL, NULL, '1', '2017-04-26 12:15:51', '2017-04-26 12:15:51', 'a3a3b8ee-94de-4d84-8d99-f020b453b584'),
 ('2', '1', 'GetHelp', '2', NULL, NULL, '1', '2017-04-26 12:15:51', '2017-04-26 12:15:51', '4eef18ca-8946-443d-806f-afb77ff289ac'),
 ('3', '1', 'Updates', '3', NULL, NULL, '1', '2017-04-26 12:15:51', '2017-04-26 12:15:51', 'ebaba3f7-b56b-4308-a806-78b837128a5f'),
 ('4', '1', 'Feed', '4', NULL, '{\"url\":\"https:\\/\\/craftcms.com\\/news.rss\",\"title\":\"Craft News\"}', '1', '2017-04-26 12:15:51', '2017-04-26 12:15:51', '928bc87d-cc84-4da7-b0da-2f63a58b2758');


--
-- Constraints for tables
--


--
-- Constraints for table `craft_assetfiles`
--
ALTER TABLE `craft_assetfiles`
	ADD CONSTRAINT `craft_assetfiles_folderId_fk` FOREIGN KEY (`folderId`) REFERENCES `craft_assetfolders` (`id`) ON DELETE CASCADE,
	ADD CONSTRAINT `craft_assetfiles_id_fk` FOREIGN KEY (`id`) REFERENCES `craft_elements` (`id`) ON DELETE CASCADE,
	ADD CONSTRAINT `craft_assetfiles_sourceId_fk` FOREIGN KEY (`sourceId`) REFERENCES `craft_assetsources` (`id`) ON DELETE CASCADE;

--
-- Constraints for table `craft_assetfolders`
--
ALTER TABLE `craft_assetfolders`
	ADD CONSTRAINT `craft_assetfolders_parentId_fk` FOREIGN KEY (`parentId`) REFERENCES `craft_assetfolders` (`id`) ON DELETE CASCADE,
	ADD CONSTRAINT `craft_assetfolders_sourceId_fk` FOREIGN KEY (`sourceId`) REFERENCES `craft_assetsources` (`id`) ON DELETE CASCADE;

--
-- Constraints for table `craft_assetindexdata`
--
ALTER TABLE `craft_assetindexdata`
	ADD CONSTRAINT `craft_assetindexdata_sourceId_fk` FOREIGN KEY (`sourceId`) REFERENCES `craft_assetsources` (`id`) ON DELETE CASCADE;

--
-- Constraints for table `craft_assetsources`
--
ALTER TABLE `craft_assetsources`
	ADD CONSTRAINT `craft_assetsources_fieldLayoutId_fk` FOREIGN KEY (`fieldLayoutId`) REFERENCES `craft_fieldlayouts` (`id`) ON DELETE SET NULL;

--
-- Constraints for table `craft_categories`
--
ALTER TABLE `craft_categories`
	ADD CONSTRAINT `craft_categories_groupId_fk` FOREIGN KEY (`groupId`) REFERENCES `craft_categorygroups` (`id`) ON DELETE CASCADE,
	ADD CONSTRAINT `craft_categories_id_fk` FOREIGN KEY (`id`) REFERENCES `craft_elements` (`id`) ON DELETE CASCADE;

--
-- Constraints for table `craft_categorygroups`
--
ALTER TABLE `craft_categorygroups`
	ADD CONSTRAINT `craft_categorygroups_fieldLayoutId_fk` FOREIGN KEY (`fieldLayoutId`) REFERENCES `craft_fieldlayouts` (`id`) ON DELETE SET NULL,
	ADD CONSTRAINT `craft_categorygroups_structureId_fk` FOREIGN KEY (`structureId`) REFERENCES `craft_structures` (`id`) ON DELETE CASCADE;

--
-- Constraints for table `craft_categorygroups_i18n`
--
ALTER TABLE `craft_categorygroups_i18n`
	ADD CONSTRAINT `craft_categorygroups_i18n_groupId_fk` FOREIGN KEY (`groupId`) REFERENCES `craft_categorygroups` (`id`) ON DELETE CASCADE,
	ADD CONSTRAINT `craft_categorygroups_i18n_locale_fk` FOREIGN KEY (`locale`) REFERENCES `craft_locales` (`locale`) ON DELETE CASCADE ON UPDATE CASCADE;

--
-- Constraints for table `craft_content`
--
ALTER TABLE `craft_content`
	ADD CONSTRAINT `craft_content_elementId_fk` FOREIGN KEY (`elementId`) REFERENCES `craft_elements` (`id`) ON DELETE CASCADE,
	ADD CONSTRAINT `craft_content_locale_fk` FOREIGN KEY (`locale`) REFERENCES `craft_locales` (`locale`) ON DELETE CASCADE ON UPDATE CASCADE;

--
-- Constraints for table `craft_elements_i18n`
--
ALTER TABLE `craft_elements_i18n`
	ADD CONSTRAINT `craft_elements_i18n_elementId_fk` FOREIGN KEY (`elementId`) REFERENCES `craft_elements` (`id`) ON DELETE CASCADE,
	ADD CONSTRAINT `craft_elements_i18n_locale_fk` FOREIGN KEY (`locale`) REFERENCES `craft_locales` (`locale`) ON DELETE CASCADE ON UPDATE CASCADE;

--
-- Constraints for table `craft_emailmessages`
--
ALTER TABLE `craft_emailmessages`
	ADD CONSTRAINT `craft_emailmessages_locale_fk` FOREIGN KEY (`locale`) REFERENCES `craft_locales` (`locale`) ON DELETE CASCADE ON UPDATE CASCADE;

--
-- Constraints for table `craft_entries`
--
ALTER TABLE `craft_entries`
	ADD CONSTRAINT `craft_entries_authorId_fk` FOREIGN KEY (`authorId`) REFERENCES `craft_users` (`id`) ON DELETE CASCADE,
	ADD CONSTRAINT `craft_entries_id_fk` FOREIGN KEY (`id`) REFERENCES `craft_elements` (`id`) ON DELETE CASCADE,
	ADD CONSTRAINT `craft_entries_sectionId_fk` FOREIGN KEY (`sectionId`) REFERENCES `craft_sections` (`id`) ON DELETE CASCADE,
	ADD CONSTRAINT `craft_entries_typeId_fk` FOREIGN KEY (`typeId`) REFERENCES `craft_entrytypes` (`id`) ON DELETE CASCADE;

--
-- Constraints for table `craft_entrydrafts`
--
ALTER TABLE `craft_entrydrafts`
	ADD CONSTRAINT `craft_entrydrafts_creatorId_fk` FOREIGN KEY (`creatorId`) REFERENCES `craft_users` (`id`) ON DELETE CASCADE,
	ADD CONSTRAINT `craft_entrydrafts_entryId_fk` FOREIGN KEY (`entryId`) REFERENCES `craft_entries` (`id`) ON DELETE CASCADE,
	ADD CONSTRAINT `craft_entrydrafts_locale_fk` FOREIGN KEY (`locale`) REFERENCES `craft_locales` (`locale`) ON DELETE CASCADE ON UPDATE CASCADE,
	ADD CONSTRAINT `craft_entrydrafts_sectionId_fk` FOREIGN KEY (`sectionId`) REFERENCES `craft_sections` (`id`) ON DELETE CASCADE;

--
-- Constraints for table `craft_entrytypes`
--
ALTER TABLE `craft_entrytypes`
	ADD CONSTRAINT `craft_entrytypes_fieldLayoutId_fk` FOREIGN KEY (`fieldLayoutId`) REFERENCES `craft_fieldlayouts` (`id`) ON DELETE SET NULL,
	ADD CONSTRAINT `craft_entrytypes_sectionId_fk` FOREIGN KEY (`sectionId`) REFERENCES `craft_sections` (`id`) ON DELETE CASCADE;

--
-- Constraints for table `craft_entryversions`
--
ALTER TABLE `craft_entryversions`
	ADD CONSTRAINT `craft_entryversions_creatorId_fk` FOREIGN KEY (`creatorId`) REFERENCES `craft_users` (`id`) ON DELETE SET NULL,
	ADD CONSTRAINT `craft_entryversions_entryId_fk` FOREIGN KEY (`entryId`) REFERENCES `craft_entries` (`id`) ON DELETE CASCADE,
	ADD CONSTRAINT `craft_entryversions_locale_fk` FOREIGN KEY (`locale`) REFERENCES `craft_locales` (`locale`) ON DELETE CASCADE ON UPDATE CASCADE,
	ADD CONSTRAINT `craft_entryversions_sectionId_fk` FOREIGN KEY (`sectionId`) REFERENCES `craft_sections` (`id`) ON DELETE CASCADE;

--
-- Constraints for table `craft_fieldlayoutfields`
--
ALTER TABLE `craft_fieldlayoutfields`
	ADD CONSTRAINT `craft_fieldlayoutfields_fieldId_fk` FOREIGN KEY (`fieldId`) REFERENCES `craft_fields` (`id`) ON DELETE CASCADE,
	ADD CONSTRAINT `craft_fieldlayoutfields_layoutId_fk` FOREIGN KEY (`layoutId`) REFERENCES `craft_fieldlayouts` (`id`) ON DELETE CASCADE,
	ADD CONSTRAINT `craft_fieldlayoutfields_tabId_fk` FOREIGN KEY (`tabId`) REFERENCES `craft_fieldlayouttabs` (`id`) ON DELETE CASCADE;

--
-- Constraints for table `craft_fieldlayouttabs`
--
ALTER TABLE `craft_fieldlayouttabs`
	ADD CONSTRAINT `craft_fieldlayouttabs_layoutId_fk` FOREIGN KEY (`layoutId`) REFERENCES `craft_fieldlayouts` (`id`) ON DELETE CASCADE;

--
-- Constraints for table `craft_fields`
--
ALTER TABLE `craft_fields`
	ADD CONSTRAINT `craft_fields_groupId_fk` FOREIGN KEY (`groupId`) REFERENCES `craft_fieldgroups` (`id`) ON DELETE CASCADE;

--
-- Constraints for table `craft_globalsets`
--
ALTER TABLE `craft_globalsets`
	ADD CONSTRAINT `craft_globalsets_fieldLayoutId_fk` FOREIGN KEY (`fieldLayoutId`) REFERENCES `craft_fieldlayouts` (`id`) ON DELETE SET NULL,
	ADD CONSTRAINT `craft_globalsets_id_fk` FOREIGN KEY (`id`) REFERENCES `craft_elements` (`id`) ON DELETE CASCADE;

--
-- Constraints for table `craft_matrixblocks`
--
ALTER TABLE `craft_matrixblocks`
	ADD CONSTRAINT `craft_matrixblocks_fieldId_fk` FOREIGN KEY (`fieldId`) REFERENCES `craft_fields` (`id`) ON DELETE CASCADE,
	ADD CONSTRAINT `craft_matrixblocks_id_fk` FOREIGN KEY (`id`) REFERENCES `craft_elements` (`id`) ON DELETE CASCADE,
	ADD CONSTRAINT `craft_matrixblocks_ownerId_fk` FOREIGN KEY (`ownerId`) REFERENCES `craft_elements` (`id`) ON DELETE CASCADE,
	ADD CONSTRAINT `craft_matrixblocks_ownerLocale_fk` FOREIGN KEY (`ownerLocale`) REFERENCES `craft_locales` (`locale`) ON DELETE CASCADE ON UPDATE CASCADE,
	ADD CONSTRAINT `craft_matrixblocks_typeId_fk` FOREIGN KEY (`typeId`) REFERENCES `craft_matrixblocktypes` (`id`) ON DELETE CASCADE;

--
-- Constraints for table `craft_matrixblocktypes`
--
ALTER TABLE `craft_matrixblocktypes`
	ADD CONSTRAINT `craft_matrixblocktypes_fieldId_fk` FOREIGN KEY (`fieldId`) REFERENCES `craft_fields` (`id`) ON DELETE CASCADE,
	ADD CONSTRAINT `craft_matrixblocktypes_fieldLayoutId_fk` FOREIGN KEY (`fieldLayoutId`) REFERENCES `craft_fieldlayouts` (`id`) ON DELETE SET NULL;

--
-- Constraints for table `craft_matrixcontent_aboutme`
--
ALTER TABLE `craft_matrixcontent_aboutme`
	ADD CONSTRAINT `craft_matrixcontent_aboutme_elementId_fk` FOREIGN KEY (`elementId`) REFERENCES `craft_elements` (`id`) ON DELETE CASCADE,
	ADD CONSTRAINT `craft_matrixcontent_aboutme_locale_fk` FOREIGN KEY (`locale`) REFERENCES `craft_locales` (`locale`) ON DELETE CASCADE ON UPDATE CASCADE;

--
-- Constraints for table `craft_migrations`
--
ALTER TABLE `craft_migrations`
	ADD CONSTRAINT `craft_migrations_pluginId_fk` FOREIGN KEY (`pluginId`) REFERENCES `craft_plugins` (`id`) ON DELETE CASCADE;

--
-- Constraints for table `craft_relations`
--
ALTER TABLE `craft_relations`
	ADD CONSTRAINT `craft_relations_fieldId_fk` FOREIGN KEY (`fieldId`) REFERENCES `craft_fields` (`id`) ON DELETE CASCADE,
	ADD CONSTRAINT `craft_relations_sourceId_fk` FOREIGN KEY (`sourceId`) REFERENCES `craft_elements` (`id`) ON DELETE CASCADE,
	ADD CONSTRAINT `craft_relations_sourceLocale_fk` FOREIGN KEY (`sourceLocale`) REFERENCES `craft_locales` (`locale`) ON DELETE CASCADE ON UPDATE CASCADE,
	ADD CONSTRAINT `craft_relations_targetId_fk` FOREIGN KEY (`targetId`) REFERENCES `craft_elements` (`id`) ON DELETE CASCADE;

--
-- Constraints for table `craft_routes`
--
ALTER TABLE `craft_routes`
	ADD CONSTRAINT `craft_routes_locale_fk` FOREIGN KEY (`locale`) REFERENCES `craft_locales` (`locale`) ON DELETE CASCADE ON UPDATE CASCADE;

--
-- Constraints for table `craft_sections`
--
ALTER TABLE `craft_sections`
	ADD CONSTRAINT `craft_sections_structureId_fk` FOREIGN KEY (`structureId`) REFERENCES `craft_structures` (`id`) ON DELETE SET NULL;

--
-- Constraints for table `craft_sections_i18n`
--
ALTER TABLE `craft_sections_i18n`
	ADD CONSTRAINT `craft_sections_i18n_locale_fk` FOREIGN KEY (`locale`) REFERENCES `craft_locales` (`locale`) ON DELETE CASCADE ON UPDATE CASCADE,
	ADD CONSTRAINT `craft_sections_i18n_sectionId_fk` FOREIGN KEY (`sectionId`) REFERENCES `craft_sections` (`id`) ON DELETE CASCADE;

--
-- Constraints for table `craft_sessions`
--
ALTER TABLE `craft_sessions`
	ADD CONSTRAINT `craft_sessions_userId_fk` FOREIGN KEY (`userId`) REFERENCES `craft_users` (`id`) ON DELETE CASCADE;

--
-- Constraints for table `craft_shunnedmessages`
--
ALTER TABLE `craft_shunnedmessages`
	ADD CONSTRAINT `craft_shunnedmessages_userId_fk` FOREIGN KEY (`userId`) REFERENCES `craft_users` (`id`) ON DELETE CASCADE;

--
-- Constraints for table `craft_structureelements`
--
ALTER TABLE `craft_structureelements`
	ADD CONSTRAINT `craft_structureelements_elementId_fk` FOREIGN KEY (`elementId`) REFERENCES `craft_elements` (`id`) ON DELETE CASCADE,
	ADD CONSTRAINT `craft_structureelements_structureId_fk` FOREIGN KEY (`structureId`) REFERENCES `craft_structures` (`id`) ON DELETE CASCADE;

--
-- Constraints for table `craft_taggroups`
--
ALTER TABLE `craft_taggroups`
	ADD CONSTRAINT `craft_taggroups_fieldLayoutId_fk` FOREIGN KEY (`fieldLayoutId`) REFERENCES `craft_fieldlayouts` (`id`) ON DELETE SET NULL;

--
-- Constraints for table `craft_tags`
--
ALTER TABLE `craft_tags`
	ADD CONSTRAINT `craft_tags_groupId_fk` FOREIGN KEY (`groupId`) REFERENCES `craft_taggroups` (`id`) ON DELETE CASCADE,
	ADD CONSTRAINT `craft_tags_id_fk` FOREIGN KEY (`id`) REFERENCES `craft_elements` (`id`) ON DELETE CASCADE;

--
-- Constraints for table `craft_templatecachecriteria`
--
ALTER TABLE `craft_templatecachecriteria`
	ADD CONSTRAINT `craft_templatecachecriteria_cacheId_fk` FOREIGN KEY (`cacheId`) REFERENCES `craft_templatecaches` (`id`) ON DELETE CASCADE;

--
-- Constraints for table `craft_templatecacheelements`
--
ALTER TABLE `craft_templatecacheelements`
	ADD CONSTRAINT `craft_templatecacheelements_cacheId_fk` FOREIGN KEY (`cacheId`) REFERENCES `craft_templatecaches` (`id`) ON DELETE CASCADE,
	ADD CONSTRAINT `craft_templatecacheelements_elementId_fk` FOREIGN KEY (`elementId`) REFERENCES `craft_elements` (`id`) ON DELETE CASCADE;

--
-- Constraints for table `craft_templatecaches`
--
ALTER TABLE `craft_templatecaches`
	ADD CONSTRAINT `craft_templatecaches_locale_fk` FOREIGN KEY (`locale`) REFERENCES `craft_locales` (`locale`) ON DELETE CASCADE ON UPDATE CASCADE;

--
-- Constraints for table `craft_usergroups_users`
--
ALTER TABLE `craft_usergroups_users`
	ADD CONSTRAINT `craft_usergroups_users_groupId_fk` FOREIGN KEY (`groupId`) REFERENCES `craft_usergroups` (`id`) ON DELETE CASCADE,
	ADD CONSTRAINT `craft_usergroups_users_userId_fk` FOREIGN KEY (`userId`) REFERENCES `craft_users` (`id`) ON DELETE CASCADE;

--
-- Constraints for table `craft_userpermissions_usergroups`
--
ALTER TABLE `craft_userpermissions_usergroups`
	ADD CONSTRAINT `craft_userpermissions_usergroups_groupId_fk` FOREIGN KEY (`groupId`) REFERENCES `craft_usergroups` (`id`) ON DELETE CASCADE,
	ADD CONSTRAINT `craft_userpermissions_usergroups_permissionId_fk` FOREIGN KEY (`permissionId`) REFERENCES `craft_userpermissions` (`id`) ON DELETE CASCADE;

--
-- Constraints for table `craft_userpermissions_users`
--
ALTER TABLE `craft_userpermissions_users`
	ADD CONSTRAINT `craft_userpermissions_users_permissionId_fk` FOREIGN KEY (`permissionId`) REFERENCES `craft_userpermissions` (`id`) ON DELETE CASCADE,
	ADD CONSTRAINT `craft_userpermissions_users_userId_fk` FOREIGN KEY (`userId`) REFERENCES `craft_users` (`id`) ON DELETE CASCADE;

--
-- Constraints for table `craft_users`
--
ALTER TABLE `craft_users`
	ADD CONSTRAINT `craft_users_id_fk` FOREIGN KEY (`id`) REFERENCES `craft_elements` (`id`) ON DELETE CASCADE,
	ADD CONSTRAINT `craft_users_preferredLocale_fk` FOREIGN KEY (`preferredLocale`) REFERENCES `craft_locales` (`locale`) ON DELETE SET NULL ON UPDATE CASCADE;

--
-- Constraints for table `craft_widgets`
--
ALTER TABLE `craft_widgets`
	ADD CONSTRAINT `craft_widgets_userId_fk` FOREIGN KEY (`userId`) REFERENCES `craft_users` (`id`) ON DELETE CASCADE;

SET FOREIGN_KEY_CHECKS = 1;
